[train] holding out 8 episodes: [0, 25, 28, 33, 40, 51, 60, 61]
[train] running: C:\Users\IamAr\miniconda3\envs\vla\python.exe -m vla.training.lerobot_launch --policy.type=act --policy.chunk_size=100 --policy.n_action_steps=100 --policy.kl_weight=10.0 --policy.optimizer_lr=1e-05 --dataset.repo_id=youliangtan/so101-table-cleanup --dataset.episodes=[1,2,3,4,5,6,7,8,9,10,11,12,13,14,15,16,17,18,19,20,21,22,23,24,26,27,29,30,31,32,34,35,36,37,38,39,41,42,43,44,45,46,47,48,49,50,52,53,54,55,56,57,58,59,62,63,64,65,66,67,68,69,70,71,72,73,74,75,76,77,78,79] --batch_size=8 --steps=100000 --output_dir=outputs/act_v1 --num_workers=8 --save_freq=10000 --log_freq=250 --policy.push_to_hub=false --wandb.enable=true --wandb.project=vla-manipulation
WARNING:root:'torchcodec' is not available in your platform, falling back to 'pyav' as a default decoder
WARNING:root:'torchcodec' is not available in your platform, falling back to 'pyav' as a default decoder
WARNING:lerobot.configs.policies:Device 'None' is not available. Switching to 'cuda'.
INFO 2026-09-08 06:41:22 ot_train.py:163 {'batch_size': 8,
 'checkpoint_path': None,
 'dataset': {'episodes': [1,
                          2,
                          3,
                          4,
                          5,
                          6,
                          7,
                          8,
                          9,
                          10,
                          11,
                          12,
                          13,
                          14,
                          15,
                          16,
                          17,
                          18,
                          19,
                          20,
                          21,
                          22,
                          23,
                          24,
                          26,
                          27,
                          29,
                          30,
                          31,
                          32,
                          34,
                          35,
                          36,
                          37,
                          38,
                          39,
                          41,
                          42,
                          43,
                          44,
                          45,
                          46,
                          47,
                          48,
                          49,
                          50,
                          52,
                          53,
                          54,
                          55,
                          56,
                          57,
                          58,
                          59,
                          62,
                          63,
                          64,
                          65,
                          66,
                          67,
                          68,
                          69,
                          70,
                          71,
                          72,
                          73,
                          74,
                          75,
                          76,
                          77,
                          78,
                          79],
             'image_transforms': {'enable': False,
                                  'max_num_transforms': 3,
                                  'random_order': False,
                                  'tfs': {'affine': {'kwargs': {'degrees': [-5.0,
                                                                            5.0],
                                                                'translate': [0.05,
                                                                              0.05]},
                                                     'type': 'RandomAffine',
                                                     'weight': 1.0},
                                          'brightness': {'kwargs': {'brightness': [0.8,
                                                                                   1.2]},
                                                         'type': 'ColorJitter',
                                                         'weight': 1.0},
                                          'contrast': {'kwargs': {'contrast': [0.8,
                                                                               1.2]},
                                                       'type': 'ColorJitter',
                                                       'weight': 1.0},
                                          'hue': {'kwargs': {'hue': [-0.05,
                                                                     0.05]},
                                                  'type': 'ColorJitter',
                                                  'weight': 1.0},
                                          'saturation': {'kwargs': {'saturation': [0.5,
                                                                                   1.5]},
                                                         'type': 'ColorJitter',
                                                         'weight': 1.0},
                                          'sharpness': {'kwargs': {'sharpness': [0.5,
                                                                                 1.5]},
                                                        'type': 'SharpnessJitter',
                                                        'weight': 1.0}}},
             'repo_id': 'youliangtan/so101-table-cleanup',
             'revision': None,
             'root': None,
             'streaming': False,
             'use_imagenet_stats': True,
             'video_backend': 'pyav'},
 'env': None,
 'eval': {'batch_size': 50, 'n_episodes': 50, 'use_async_envs': False},
 'eval_freq': 20000,
 'job_name': 'act',
 'log_freq': 250,
 'num_workers': 8,
 'optimizer': {'betas': [0.9, 0.999],
               'eps': 1e-08,
               'grad_clip_norm': 10.0,
               'lr': 1e-05,
               'type': 'adamw',
               'weight_decay': 0.0001},
 'output_dir': 'outputs\\act_v1',
 'policy': {'chunk_size': 100,
            'device': 'cuda',
            'dim_feedforward': 3200,
            'dim_model': 512,
            'dropout': 0.1,
            'feedforward_activation': 'relu',
            'input_features': {},
            'kl_weight': 10.0,
            'latent_dim': 32,
            'license': None,
            'n_action_steps': 100,
            'n_decoder_layers': 1,
            'n_encoder_layers': 4,
            'n_heads': 8,
            'n_obs_steps': 1,
            'n_vae_encoder_layers': 4,
            'normalization_mapping': {'ACTION': <NormalizationMode.MEAN_STD: 'MEAN_STD'>,
                                      'STATE': <NormalizationMode.MEAN_STD: 'MEAN_STD'>,
                                      'VISUAL': <NormalizationMode.MEAN_STD: 'MEAN_STD'>},
            'optimizer_lr': 1e-05,
            'optimizer_lr_backbone': 1e-05,
            'optimizer_weight_decay': 0.0001,
            'output_features': {},
            'pre_norm': False,
            'pretrained_backbone_weights': 'ResNet18_Weights.IMAGENET1K_V1',
            'pretrained_path': None,
            'private': None,
            'push_to_hub': False,
            'replace_final_stride_with_dilation': False,
            'repo_id': None,
            'tags': None,
            'temporal_ensemble_coeff': None,
            'type': 'act',
            'use_amp': False,
            'use_vae': True,
            'vision_backbone': 'resnet18'},
 'rename_map': {},
 'resume': False,
 'save_checkpoint': True,
 'save_freq': 10000,
 'scheduler': None,
 'seed': 1000,
 'steps': 100000,
 'use_policy_training_preset': True,
 'wandb': {'disable_artifact': False,
           'enable': True,
           'entity': None,
           'mode': None,
           'notes': None,
           'project': 'vla-manipulation',
           'run_id': None}}
INFO 2026-09-08 06:41:28 db_utils.py:102 Logs will be synced with wandb.
INFO 2026-09-08 06:41:28 db_utils.py:103 Track this run --> https://wandb.ai/arjunsood2025-georgia-institute-of-technology/vla-manipulation/runs/wal9nu90
INFO 2026-09-08 06:41:28 ot_train.py:183 Creating dataset
INFO 2026-09-08 06:41:28 ot_train.py:202 Creating policy
INFO 2026-09-08 06:41:29 ot_train.py:247 Creating optimizer and scheduler
INFO 2026-09-08 06:41:29 ot_train.py:259 Output dir: outputs\act_v1
INFO 2026-09-08 06:41:29 ot_train.py:262 cfg.steps=100000 (100K)
INFO 2026-09-08 06:41:29 ot_train.py:263 dataset.num_frames=46963 (47K)
INFO 2026-09-08 06:41:29 ot_train.py:264 dataset.num_episodes=72
INFO 2026-09-08 06:41:29 ot_train.py:267 Effective batch size: 8 x 1 = 8
INFO 2026-09-08 06:41:29 ot_train.py:268 num_learnable_params=51597190 (52M)
INFO 2026-09-08 06:41:29 ot_train.py:269 num_total_params=51597190 (52M)
INFO 2026-09-08 06:41:29 ot_train.py:324 Start offline training on a fixed dataset
C:\Users\IamAr\miniconda3\envs\vla\lib\site-packages\torchvision\io\_video_deprecation_warning.py:5: UserWarning: The video decoding and encoding capabilities of torchvision are deprecated from version 0.22 and will be removed in version 0.24. We recommend that you migrate to TorchCodec, where we'll consolidate the future decoding/encoding capabilities of PyTorch: https://github.com/pytorch/torchcodec
  warnings.warn(
C:\Users\IamAr\miniconda3\envs\vla\lib\site-packages\torchvision\io\_video_deprecation_warning.py:5: UserWarning: The video decoding and encoding capabilities of torchvision are deprecated from version 0.22 and will be removed in version 0.24. We recommend that you migrate to TorchCodec, where we'll consolidate the future decoding/encoding capabilities of PyTorch: https://github.com/pytorch/torchcodec
  warnings.warn(
C:\Users\IamAr\miniconda3\envs\vla\lib\site-packages\torchvision\io\_video_deprecation_warning.py:5: UserWarning: The video decoding and encoding capabilities of torchvision are deprecated from version 0.22 and will be removed in version 0.24. We recommend that you migrate to TorchCodec, where we'll consolidate the future decoding/encoding capabilities of PyTorch: https://github.com/pytorch/torchcodec
  warnings.warn(
C:\Users\IamAr\miniconda3\envs\vla\lib\site-packages\torchvision\io\_video_deprecation_warning.py:5: UserWarning: The video decoding and encoding capabilities of torchvision are deprecated from version 0.22 and will be removed in version 0.24. We recommend that you migrate to TorchCodec, where we'll consolidate the future decoding/encoding capabilities of PyTorch: https://github.com/pytorch/torchcodec
  warnings.warn(
C:\Users\IamAr\miniconda3\envs\vla\lib\site-packages\torchvision\io\_video_deprecation_warning.py:5: UserWarning: The video decoding and encoding capabilities of torchvision are deprecated from version 0.22 and will be removed in version 0.24. We recommend that you migrate to TorchCodec, where we'll consolidate the future decoding/encoding capabilities of PyTorch: https://github.com/pytorch/torchcodec
  warnings.warn(
C:\Users\IamAr\miniconda3\envs\vla\lib\site-packages\torchvision\io\_video_deprecation_warning.py:5: UserWarning: The video decoding and encoding capabilities of torchvision are deprecated from version 0.22 and will be removed in version 0.24. We recommend that you migrate to TorchCodec, where we'll consolidate the future decoding/encoding capabilities of PyTorch: https://github.com/pytorch/torchcodec
  warnings.warn(
C:\Users\IamAr\miniconda3\envs\vla\lib\site-packages\torchvision\io\_video_deprecation_warning.py:5: UserWarning: The video decoding and encoding capabilities of torchvision are deprecated from version 0.22 and will be removed in version 0.24. We recommend that you migrate to TorchCodec, where we'll consolidate the future decoding/encoding capabilities of PyTorch: https://github.com/pytorch/torchcodec
  warnings.warn(
C:\Users\IamAr\miniconda3\envs\vla\lib\site-packages\torchvision\io\_video_deprecation_warning.py:5: UserWarning: The video decoding and encoding capabilities of torchvision are deprecated from version 0.22 and will be removed in version 0.24. We recommend that you migrate to TorchCodec, where we'll consolidate the future decoding/encoding capabilities of PyTorch: https://github.com/pytorch/torchcodec
  warnings.warn(
INFO 2026-09-08 06:42:27 ot_train.py:351 step:250 smpl:2K ep:3 epch:0.04 loss:6.169 grdn:139.871 lr:1.0e-05 updt_s:0.182 data_s:0.050
INFO 2026-09-08 06:43:12 ot_train.py:351 step:500 smpl:4K ep:6 epch:0.09 loss:2.918 grdn:78.387 lr:1.0e-05 updt_s:0.170 data_s:0.007
INFO 2026-09-08 06:43:55 ot_train.py:351 step:750 smpl:6K ep:9 epch:0.13 loss:2.501 grdn:70.540 lr:1.0e-05 updt_s:0.165 data_s:0.007
INFO 2026-09-08 06:44:39 ot_train.py:351 step:1K smpl:8K ep:12 epch:0.17 loss:2.211 grdn:64.187 lr:1.0e-05 updt_s:0.165 data_s:0.007
INFO 2026-09-08 06:45:22 ot_train.py:351 step:1K smpl:10K ep:15 epch:0.21 loss:1.980 grdn:60.647 lr:1.0e-05 updt_s:0.166 data_s:0.007
INFO 2026-09-08 06:46:05 ot_train.py:351 step:2K smpl:12K ep:18 epch:0.26 loss:1.765 grdn:57.102 lr:1.0e-05 updt_s:0.166 data_s:0.007
INFO 2026-09-08 06:46:49 ot_train.py:351 step:2K smpl:14K ep:21 epch:0.30 loss:1.573 grdn:54.013 lr:1.0e-05 updt_s:0.167 data_s:0.007
INFO 2026-09-08 06:47:33 ot_train.py:351 step:2K smpl:16K ep:25 epch:0.34 loss:1.403 grdn:50.040 lr:1.0e-05 updt_s:0.166 data_s:0.007
INFO 2026-09-08 06:48:16 ot_train.py:351 step:2K smpl:18K ep:28 epch:0.38 loss:1.254 grdn:47.040 lr:1.0e-05 updt_s:0.166 data_s:0.007
INFO 2026-09-08 06:49:00 ot_train.py:351 step:2K smpl:20K ep:31 epch:0.43 loss:1.131 grdn:45.339 lr:1.0e-05 updt_s:0.167 data_s:0.007
INFO 2026-09-08 06:49:44 ot_train.py:351 step:3K smpl:22K ep:34 epch:0.47 loss:1.022 grdn:42.520 lr:1.0e-05 updt_s:0.167 data_s:0.007
INFO 2026-09-08 06:50:28 ot_train.py:351 step:3K smpl:24K ep:37 epch:0.51 loss:0.912 grdn:39.874 lr:1.0e-05 updt_s:0.167 data_s:0.007
INFO 2026-09-08 06:51:11 ot_train.py:351 step:3K smpl:26K ep:40 epch:0.55 loss:0.831 grdn:37.609 lr:1.0e-05 updt_s:0.166 data_s:0.007
INFO 2026-09-08 06:51:55 ot_train.py:351 step:4K smpl:28K ep:43 epch:0.60 loss:0.759 grdn:35.895 lr:1.0e-05 updt_s:0.166 data_s:0.007
INFO 2026-09-08 06:52:39 ot_train.py:351 step:4K smpl:30K ep:46 epch:0.64 loss:0.697 grdn:33.824 lr:1.0e-05 updt_s:0.166 data_s:0.007
INFO 2026-09-08 06:53:22 ot_train.py:351 step:4K smpl:32K ep:49 epch:0.68 loss:0.636 grdn:31.524 lr:1.0e-05 updt_s:0.168 data_s:0.007
INFO 2026-09-08 06:54:06 ot_train.py:351 step:4K smpl:34K ep:52 epch:0.72 loss:0.592 grdn:29.681 lr:1.0e-05 updt_s:0.166 data_s:0.007
INFO 2026-09-08 06:54:50 ot_train.py:351 step:4K smpl:36K ep:55 epch:0.77 loss:0.556 grdn:28.997 lr:1.0e-05 updt_s:0.167 data_s:0.007
INFO 2026-09-08 06:55:34 ot_train.py:351 step:5K smpl:38K ep:58 epch:0.81 loss:0.518 grdn:27.658 lr:1.0e-05 updt_s:0.167 data_s:0.007
INFO 2026-09-08 06:56:17 ot_train.py:351 step:5K smpl:40K ep:61 epch:0.85 loss:0.481 grdn:26.450 lr:1.0e-05 updt_s:0.166 data_s:0.007
INFO 2026-09-08 06:57:01 ot_train.py:351 step:5K smpl:42K ep:64 epch:0.89 loss:0.455 grdn:25.352 lr:1.0e-05 updt_s:0.167 data_s:0.007
INFO 2026-09-08 06:57:45 ot_train.py:351 step:6K smpl:44K ep:67 epch:0.94 loss:0.432 grdn:24.151 lr:1.0e-05 updt_s:0.166 data_s:0.007
INFO 2026-09-08 06:58:28 ot_train.py:351 step:6K smpl:46K ep:71 epch:0.98 loss:0.413 grdn:23.690 lr:1.0e-05 updt_s:0.166 data_s:0.007
C:\Users\IamAr\miniconda3\envs\vla\lib\site-packages\torchvision\io\_video_deprecation_warning.py:5: UserWarning: The video decoding and encoding capabilities of torchvision are deprecated from version 0.22 and will be removed in version 0.24. We recommend that you migrate to TorchCodec, where we'll consolidate the future decoding/encoding capabilities of PyTorch: https://github.com/pytorch/torchcodec
  warnings.warn(
C:\Users\IamAr\miniconda3\envs\vla\lib\site-packages\torchvision\io\_video_deprecation_warning.py:5: UserWarning: The video decoding and encoding capabilities of torchvision are deprecated from version 0.22 and will be removed in version 0.24. We recommend that you migrate to TorchCodec, where we'll consolidate the future decoding/encoding capabilities of PyTorch: https://github.com/pytorch/torchcodec
  warnings.warn(
C:\Users\IamAr\miniconda3\envs\vla\lib\site-packages\torchvision\io\_video_deprecation_warning.py:5: UserWarning: The video decoding and encoding capabilities of torchvision are deprecated from version 0.22 and will be removed in version 0.24. We recommend that you migrate to TorchCodec, where we'll consolidate the future decoding/encoding capabilities of PyTorch: https://github.com/pytorch/torchcodec
  warnings.warn(
C:\Users\IamAr\miniconda3\envs\vla\lib\site-packages\torchvision\io\_video_deprecation_warning.py:5: UserWarning: The video decoding and encoding capabilities of torchvision are deprecated from version 0.22 and will be removed in version 0.24. We recommend that you migrate to TorchCodec, where we'll consolidate the future decoding/encoding capabilities of PyTorch: https://github.com/pytorch/torchcodec
  warnings.warn(
C:\Users\IamAr\miniconda3\envs\vla\lib\site-packages\torchvision\io\_video_deprecation_warning.py:5: UserWarning: The video decoding and encoding capabilities of torchvision are deprecated from version 0.22 and will be removed in version 0.24. We recommend that you migrate to TorchCodec, where we'll consolidate the future decoding/encoding capabilities of PyTorch: https://github.com/pytorch/torchcodec
  warnings.warn(
C:\Users\IamAr\miniconda3\envs\vla\lib\site-packages\torchvision\io\_video_deprecation_warning.py:5: UserWarning: The video decoding and encoding capabilities of torchvision are deprecated from version 0.22 and will be removed in version 0.24. We recommend that you migrate to TorchCodec, where we'll consolidate the future decoding/encoding capabilities of PyTorch: https://github.com/pytorch/torchcodec
  warnings.warn(
C:\Users\IamAr\miniconda3\envs\vla\lib\site-packages\torchvision\io\_video_deprecation_warning.py:5: UserWarning: The video decoding and encoding capabilities of torchvision are deprecated from version 0.22 and will be removed in version 0.24. We recommend that you migrate to TorchCodec, where we'll consolidate the future decoding/encoding capabilities of PyTorch: https://github.com/pytorch/torchcodec
  warnings.warn(
C:\Users\IamAr\miniconda3\envs\vla\lib\site-packages\torchvision\io\_video_deprecation_warning.py:5: UserWarning: The video decoding and encoding capabilities of torchvision are deprecated from version 0.22 and will be removed in version 0.24. We recommend that you migrate to TorchCodec, where we'll consolidate the future decoding/encoding capabilities of PyTorch: https://github.com/pytorch/torchcodec
  warnings.warn(
INFO 2026-09-08 06:59:26 ot_train.py:351 step:6K smpl:48K ep:74 epch:1.02 loss:0.396 grdn:22.807 lr:1.0e-05 updt_s:0.174 data_s:0.056
INFO 2026-09-08 07:00:10 ot_train.py:351 step:6K smpl:50K ep:77 epch:1.06 loss:0.378 grdn:22.442 lr:1.0e-05 updt_s:0.168 data_s:0.007
INFO 2026-09-08 07:00:54 ot_train.py:351 step:6K smpl:52K ep:80 epch:1.11 loss:0.363 grdn:21.639 lr:1.0e-05 updt_s:0.167 data_s:0.007
INFO 2026-09-08 07:01:37 ot_train.py:351 step:7K smpl:54K ep:83 epch:1.15 loss:0.352 grdn:21.218 lr:1.0e-05 updt_s:0.167 data_s:0.007
INFO 2026-09-08 07:02:21 ot_train.py:351 step:7K smpl:56K ep:86 epch:1.19 loss:0.339 grdn:20.647 lr:1.0e-05 updt_s:0.166 data_s:0.007
INFO 2026-09-08 07:03:05 ot_train.py:351 step:7K smpl:58K ep:89 epch:1.24 loss:0.333 grdn:20.347 lr:1.0e-05 updt_s:0.168 data_s:0.007
INFO 2026-09-08 07:03:49 ot_train.py:351 step:8K smpl:60K ep:92 epch:1.28 loss:0.325 grdn:19.847 lr:1.0e-05 updt_s:0.167 data_s:0.007
INFO 2026-09-08 07:04:33 ot_train.py:351 step:8K smpl:62K ep:95 epch:1.32 loss:0.314 grdn:19.238 lr:1.0e-05 updt_s:0.167 data_s:0.007
INFO 2026-09-08 07:05:16 ot_train.py:351 step:8K smpl:64K ep:98 epch:1.36 loss:0.306 grdn:19.014 lr:1.0e-05 updt_s:0.167 data_s:0.007
INFO 2026-09-08 07:06:00 ot_train.py:351 step:8K smpl:66K ep:101 epch:1.41 loss:0.300 grdn:18.684 lr:1.0e-05 updt_s:0.167 data_s:0.007
INFO 2026-09-08 07:06:44 ot_train.py:351 step:8K smpl:68K ep:104 epch:1.45 loss:0.290 grdn:18.035 lr:1.0e-05 updt_s:0.167 data_s:0.007
INFO 2026-09-08 07:07:28 ot_train.py:351 step:9K smpl:70K ep:107 epch:1.49 loss:0.286 grdn:17.990 lr:1.0e-05 updt_s:0.167 data_s:0.007
INFO 2026-09-08 07:08:11 ot_train.py:351 step:9K smpl:72K ep:110 epch:1.53 loss:0.282 grdn:17.828 lr:1.0e-05 updt_s:0.166 data_s:0.007
INFO 2026-09-08 07:08:55 ot_train.py:351 step:9K smpl:74K ep:113 epch:1.58 loss:0.277 grdn:17.561 lr:1.0e-05 updt_s:0.167 data_s:0.007
INFO 2026-09-08 07:09:39 ot_train.py:351 step:10K smpl:76K ep:117 epch:1.62 loss:0.270 grdn:17.435 lr:1.0e-05 updt_s:0.167 data_s:0.007
INFO 2026-09-08 07:10:23 ot_train.py:351 step:10K smpl:78K ep:120 epch:1.66 loss:0.265 grdn:17.114 lr:1.0e-05 updt_s:0.167 data_s:0.007
INFO 2026-09-08 07:11:06 ot_train.py:351 step:10K smpl:80K ep:123 epch:1.70 loss:0.263 grdn:16.795 lr:1.0e-05 updt_s:0.166 data_s:0.007
INFO 2026-09-08 07:11:06 ot_train.py:361 Checkpoint policy after step 10000
INFO 2026-09-08 07:11:54 ot_train.py:351 step:10K smpl:82K ep:126 epch:1.75 loss:0.255 grdn:16.399 lr:1.0e-05 updt_s:0.170 data_s:0.007
INFO 2026-09-08 07:12:40 ot_train.py:351 step:10K smpl:84K ep:129 epch:1.79 loss:0.248 grdn:15.800 lr:1.0e-05 updt_s:0.176 data_s:0.007
INFO 2026-09-08 07:13:26 ot_train.py:351 step:11K smpl:86K ep:132 epch:1.83 loss:0.250 grdn:15.772 lr:1.0e-05 updt_s:0.174 data_s:0.007
INFO 2026-09-08 07:14:11 ot_train.py:351 step:11K smpl:88K ep:135 epch:1.87 loss:0.245 grdn:15.652 lr:1.0e-05 updt_s:0.175 data_s:0.007
INFO 2026-09-08 07:14:55 ot_train.py:351 step:11K smpl:90K ep:138 epch:1.92 loss:0.239 grdn:15.442 lr:1.0e-05 updt_s:0.167 data_s:0.007
INFO 2026-09-08 07:15:39 ot_train.py:351 step:12K smpl:92K ep:141 epch:1.96 loss:0.236 grdn:15.058 lr:1.0e-05 updt_s:0.166 data_s:0.007
C:\Users\IamAr\miniconda3\envs\vla\lib\site-packages\torchvision\io\_video_deprecation_warning.py:5: UserWarning: The video decoding and encoding capabilities of torchvision are deprecated from version 0.22 and will be removed in version 0.24. We recommend that you migrate to TorchCodec, where we'll consolidate the future decoding/encoding capabilities of PyTorch: https://github.com/pytorch/torchcodec
  warnings.warn(
C:\Users\IamAr\miniconda3\envs\vla\lib\site-packages\torchvision\io\_video_deprecation_warning.py:5: UserWarning: The video decoding and encoding capabilities of torchvision are deprecated from version 0.22 and will be removed in version 0.24. We recommend that you migrate to TorchCodec, where we'll consolidate the future decoding/encoding capabilities of PyTorch: https://github.com/pytorch/torchcodec
  warnings.warn(
C:\Users\IamAr\miniconda3\envs\vla\lib\site-packages\torchvision\io\_video_deprecation_warning.py:5: UserWarning: The video decoding and encoding capabilities of torchvision are deprecated from version 0.22 and will be removed in version 0.24. We recommend that you migrate to TorchCodec, where we'll consolidate the future decoding/encoding capabilities of PyTorch: https://github.com/pytorch/torchcodec
  warnings.warn(
C:\Users\IamAr\miniconda3\envs\vla\lib\site-packages\torchvision\io\_video_deprecation_warning.py:5: UserWarning: The video decoding and encoding capabilities of torchvision are deprecated from version 0.22 and will be removed in version 0.24. We recommend that you migrate to TorchCodec, where we'll consolidate the future decoding/encoding capabilities of PyTorch: https://github.com/pytorch/torchcodec
  warnings.warn(
C:\Users\IamAr\miniconda3\envs\vla\lib\site-packages\torchvision\io\_video_deprecation_warning.py:5: UserWarning: The video decoding and encoding capabilities of torchvision are deprecated from version 0.22 and will be removed in version 0.24. We recommend that you migrate to TorchCodec, where we'll consolidate the future decoding/encoding capabilities of PyTorch: https://github.com/pytorch/torchcodec
  warnings.warn(
C:\Users\IamAr\miniconda3\envs\vla\lib\site-packages\torchvision\io\_video_deprecation_warning.py:5: UserWarning: The video decoding and encoding capabilities of torchvision are deprecated from version 0.22 and will be removed in version 0.24. We recommend that you migrate to TorchCodec, where we'll consolidate the future decoding/encoding capabilities of PyTorch: https://github.com/pytorch/torchcodec
  warnings.warn(
C:\Users\IamAr\miniconda3\envs\vla\lib\site-packages\torchvision\io\_video_deprecation_warning.py:5: UserWarning: The video decoding and encoding capabilities of torchvision are deprecated from version 0.22 and will be removed in version 0.24. We recommend that you migrate to TorchCodec, where we'll consolidate the future decoding/encoding capabilities of PyTorch: https://github.com/pytorch/torchcodec
  warnings.warn(
C:\Users\IamAr\miniconda3\envs\vla\lib\site-packages\torchvision\io\_video_deprecation_warning.py:5: UserWarning: The video decoding and encoding capabilities of torchvision are deprecated from version 0.22 and will be removed in version 0.24. We recommend that you migrate to TorchCodec, where we'll consolidate the future decoding/encoding capabilities of PyTorch: https://github.com/pytorch/torchcodec
  warnings.warn(
INFO 2026-09-08 07:16:34 ot_train.py:351 step:12K smpl:94K ep:144 epch:2.00 loss:0.237 grdn:15.297 lr:1.0e-05 updt_s:0.166 data_s:0.055
INFO 2026-09-08 07:17:19 ot_train.py:351 step:12K smpl:96K ep:147 epch:2.04 loss:0.225 grdn:14.783 lr:1.0e-05 updt_s:0.169 data_s:0.007
INFO 2026-09-08 07:18:02 ot_train.py:351 step:12K smpl:98K ep:150 epch:2.09 loss:0.224 grdn:14.513 lr:1.0e-05 updt_s:0.167 data_s:0.007
INFO 2026-09-08 07:18:46 ot_train.py:351 step:12K smpl:100K ep:153 epch:2.13 loss:0.221 grdn:14.361 lr:1.0e-05 updt_s:0.167 data_s:0.007
INFO 2026-09-08 07:19:30 ot_train.py:351 step:13K smpl:102K ep:156 epch:2.17 loss:0.221 grdn:14.264 lr:1.0e-05 updt_s:0.166 data_s:0.007
INFO 2026-09-08 07:20:13 ot_train.py:351 step:13K smpl:104K ep:159 epch:2.21 loss:0.218 grdn:14.261 lr:1.0e-05 updt_s:0.166 data_s:0.007
INFO 2026-09-08 07:20:57 ot_train.py:351 step:13K smpl:106K ep:163 epch:2.26 loss:0.213 grdn:13.794 lr:1.0e-05 updt_s:0.166 data_s:0.007
INFO 2026-09-08 07:21:41 ot_train.py:351 step:14K smpl:108K ep:166 epch:2.30 loss:0.208 grdn:13.754 lr:1.0e-05 updt_s:0.167 data_s:0.007
INFO 2026-09-08 07:22:24 ot_train.py:351 step:14K smpl:110K ep:169 epch:2.34 loss:0.208 grdn:13.712 lr:1.0e-05 updt_s:0.166 data_s:0.007
INFO 2026-09-08 07:23:08 ot_train.py:351 step:14K smpl:112K ep:172 epch:2.38 loss:0.205 grdn:13.316 lr:1.0e-05 updt_s:0.166 data_s:0.007
INFO 2026-09-08 07:23:51 ot_train.py:351 step:14K smpl:114K ep:175 epch:2.43 loss:0.206 grdn:13.143 lr:1.0e-05 updt_s:0.166 data_s:0.007
INFO 2026-09-08 07:24:35 ot_train.py:351 step:14K smpl:116K ep:178 epch:2.47 loss:0.205 grdn:13.585 lr:1.0e-05 updt_s:0.166 data_s:0.007
INFO 2026-09-08 07:25:19 ot_train.py:351 step:15K smpl:118K ep:181 epch:2.51 loss:0.200 grdn:13.044 lr:1.0e-05 updt_s:0.167 data_s:0.007
INFO 2026-09-08 07:26:02 ot_train.py:351 step:15K smpl:120K ep:184 epch:2.56 loss:0.199 grdn:13.212 lr:1.0e-05 updt_s:0.166 data_s:0.007
INFO 2026-09-08 07:26:46 ot_train.py:351 step:15K smpl:122K ep:187 epch:2.60 loss:0.195 grdn:12.874 lr:1.0e-05 updt_s:0.166 data_s:0.007
INFO 2026-09-08 07:27:29 ot_train.py:351 step:16K smpl:124K ep:190 epch:2.64 loss:0.191 grdn:12.641 lr:1.0e-05 updt_s:0.166 data_s:0.007
INFO 2026-09-08 07:28:13 ot_train.py:351 step:16K smpl:126K ep:193 epch:2.68 loss:0.191 grdn:12.767 lr:1.0e-05 updt_s:0.166 data_s:0.007
INFO 2026-09-08 07:28:56 ot_train.py:351 step:16K smpl:128K ep:196 epch:2.73 loss:0.191 grdn:12.509 lr:1.0e-05 updt_s:0.166 data_s:0.007
INFO 2026-09-08 07:29:40 ot_train.py:351 step:16K smpl:130K ep:199 epch:2.77 loss:0.191 grdn:12.474 lr:1.0e-05 updt_s:0.165 data_s:0.007
INFO 2026-09-08 07:30:23 ot_train.py:351 step:16K smpl:132K ep:202 epch:2.81 loss:0.188 grdn:12.331 lr:1.0e-05 updt_s:0.166 data_s:0.007
INFO 2026-09-08 07:31:07 ot_train.py:351 step:17K smpl:134K ep:205 epch:2.85 loss:0.189 grdn:12.312 lr:1.0e-05 updt_s:0.166 data_s:0.007
INFO 2026-09-08 07:31:50 ot_train.py:351 step:17K smpl:136K ep:209 epch:2.90 loss:0.186 grdn:12.235 lr:1.0e-05 updt_s:0.166 data_s:0.007
INFO 2026-09-08 07:32:34 ot_train.py:351 step:17K smpl:138K ep:212 epch:2.94 loss:0.183 grdn:11.953 lr:1.0e-05 updt_s:0.166 data_s:0.007
INFO 2026-09-08 07:33:17 ot_train.py:351 step:18K smpl:140K ep:215 epch:2.98 loss:0.185 grdn:12.078 lr:1.0e-05 updt_s:0.166 data_s:0.007
C:\Users\IamAr\miniconda3\envs\vla\lib\site-packages\torchvision\io\_video_deprecation_warning.py:5: UserWarning: The video decoding and encoding capabilities of torchvision are deprecated from version 0.22 and will be removed in version 0.24. We recommend that you migrate to TorchCodec, where we'll consolidate the future decoding/encoding capabilities of PyTorch: https://github.com/pytorch/torchcodec
  warnings.warn(
C:\Users\IamAr\miniconda3\envs\vla\lib\site-packages\torchvision\io\_video_deprecation_warning.py:5: UserWarning: The video decoding and encoding capabilities of torchvision are deprecated from version 0.22 and will be removed in version 0.24. We recommend that you migrate to TorchCodec, where we'll consolidate the future decoding/encoding capabilities of PyTorch: https://github.com/pytorch/torchcodec
  warnings.warn(
C:\Users\IamAr\miniconda3\envs\vla\lib\site-packages\torchvision\io\_video_deprecation_warning.py:5: UserWarning: The video decoding and encoding capabilities of torchvision are deprecated from version 0.22 and will be removed in version 0.24. We recommend that you migrate to TorchCodec, where we'll consolidate the future decoding/encoding capabilities of PyTorch: https://github.com/pytorch/torchcodec
  warnings.warn(
C:\Users\IamAr\miniconda3\envs\vla\lib\site-packages\torchvision\io\_video_deprecation_warning.py:5: UserWarning: The video decoding and encoding capabilities of torchvision are deprecated from version 0.22 and will be removed in version 0.24. We recommend that you migrate to TorchCodec, where we'll consolidate the future decoding/encoding capabilities of PyTorch: https://github.com/pytorch/torchcodec
  warnings.warn(
C:\Users\IamAr\miniconda3\envs\vla\lib\site-packages\torchvision\io\_video_deprecation_warning.py:5: UserWarning: The video decoding and encoding capabilities of torchvision are deprecated from version 0.22 and will be removed in version 0.24. We recommend that you migrate to TorchCodec, where we'll consolidate the future decoding/encoding capabilities of PyTorch: https://github.com/pytorch/torchcodec
  warnings.warn(
C:\Users\IamAr\miniconda3\envs\vla\lib\site-packages\torchvision\io\_video_deprecation_warning.py:5: UserWarning: The video decoding and encoding capabilities of torchvision are deprecated from version 0.22 and will be removed in version 0.24. We recommend that you migrate to TorchCodec, where we'll consolidate the future decoding/encoding capabilities of PyTorch: https://github.com/pytorch/torchcodec
  warnings.warn(
C:\Users\IamAr\miniconda3\envs\vla\lib\site-packages\torchvision\io\_video_deprecation_warning.py:5: UserWarning: The video decoding and encoding capabilities of torchvision are deprecated from version 0.22 and will be removed in version 0.24. We recommend that you migrate to TorchCodec, where we'll consolidate the future decoding/encoding capabilities of PyTorch: https://github.com/pytorch/torchcodec
  warnings.warn(
C:\Users\IamAr\miniconda3\envs\vla\lib\site-packages\torchvision\io\_video_deprecation_warning.py:5: UserWarning: The video decoding and encoding capabilities of torchvision are deprecated from version 0.22 and will be removed in version 0.24. We recommend that you migrate to TorchCodec, where we'll consolidate the future decoding/encoding capabilities of PyTorch: https://github.com/pytorch/torchcodec
  warnings.warn(
INFO 2026-09-08 07:34:14 ot_train.py:351 step:18K smpl:142K ep:218 epch:3.02 loss:0.179 grdn:11.943 lr:1.0e-05 updt_s:0.170 data_s:0.055
INFO 2026-09-08 07:34:58 ot_train.py:351 step:18K smpl:144K ep:221 epch:3.07 loss:0.176 grdn:11.849 lr:1.0e-05 updt_s:0.167 data_s:0.007
INFO 2026-09-08 07:35:42 ot_train.py:351 step:18K smpl:146K ep:224 epch:3.11 loss:0.175 grdn:11.714 lr:1.0e-05 updt_s:0.167 data_s:0.007
INFO 2026-09-08 07:36:25 ot_train.py:351 step:18K smpl:148K ep:227 epch:3.15 loss:0.173 grdn:11.145 lr:1.0e-05 updt_s:0.166 data_s:0.007
INFO 2026-09-08 07:37:09 ot_train.py:351 step:19K smpl:150K ep:230 epch:3.19 loss:0.173 grdn:11.441 lr:1.0e-05 updt_s:0.167 data_s:0.007
INFO 2026-09-08 07:37:52 ot_train.py:351 step:19K smpl:152K ep:233 epch:3.24 loss:0.170 grdn:11.122 lr:1.0e-05 updt_s:0.166 data_s:0.007
INFO 2026-09-08 07:38:36 ot_train.py:351 step:19K smpl:154K ep:236 epch:3.28 loss:0.170 grdn:10.998 lr:1.0e-05 updt_s:0.166 data_s:0.007
INFO 2026-09-08 07:39:20 ot_train.py:351 step:20K smpl:156K ep:239 epch:3.32 loss:0.169 grdn:10.916 lr:1.0e-05 updt_s:0.166 data_s:0.007
INFO 2026-09-08 07:40:03 ot_train.py:351 step:20K smpl:158K ep:242 epch:3.36 loss:0.168 grdn:11.139 lr:1.0e-05 updt_s:0.166 data_s:0.007
INFO 2026-09-08 07:40:46 ot_train.py:351 step:20K smpl:160K ep:245 epch:3.41 loss:0.167 grdn:11.038 lr:1.0e-05 updt_s:0.166 data_s:0.007
INFO 2026-09-08 07:40:47 ot_train.py:361 Checkpoint policy after step 20000
INFO 2026-09-08 07:41:32 ot_train.py:351 step:20K smpl:162K ep:248 epch:3.45 loss:0.164 grdn:10.820 lr:1.0e-05 updt_s:0.168 data_s:0.007
INFO 2026-09-08 07:42:16 ot_train.py:351 step:20K smpl:164K ep:251 epch:3.49 loss:0.164 grdn:10.720 lr:1.0e-05 updt_s:0.167 data_s:0.007
INFO 2026-09-08 07:43:00 ot_train.py:351 step:21K smpl:166K ep:254 epch:3.53 loss:0.162 grdn:10.810 lr:1.0e-05 updt_s:0.167 data_s:0.007
INFO 2026-09-08 07:43:43 ot_train.py:351 step:21K smpl:168K ep:258 epch:3.58 loss:0.163 grdn:10.618 lr:1.0e-05 updt_s:0.166 data_s:0.007
INFO 2026-09-08 07:44:27 ot_train.py:351 step:21K smpl:170K ep:261 epch:3.62 loss:0.161 grdn:10.508 lr:1.0e-05 updt_s:0.167 data_s:0.007
INFO 2026-09-08 07:45:11 ot_train.py:351 step:22K smpl:172K ep:264 epch:3.66 loss:0.161 grdn:10.554 lr:1.0e-05 updt_s:0.167 data_s:0.007
INFO 2026-09-08 07:45:55 ot_train.py:351 step:22K smpl:174K ep:267 epch:3.71 loss:0.160 grdn:10.543 lr:1.0e-05 updt_s:0.168 data_s:0.007
INFO 2026-09-08 07:46:38 ot_train.py:351 step:22K smpl:176K ep:270 epch:3.75 loss:0.158 grdn:10.302 lr:1.0e-05 updt_s:0.166 data_s:0.007
INFO 2026-09-08 07:47:22 ot_train.py:351 step:22K smpl:178K ep:273 epch:3.79 loss:0.159 grdn:10.540 lr:1.0e-05 updt_s:0.167 data_s:0.007
INFO 2026-09-08 07:48:06 ot_train.py:351 step:22K smpl:180K ep:276 epch:3.83 loss:0.156 grdn:10.300 lr:1.0e-05 updt_s:0.166 data_s:0.007
INFO 2026-09-08 07:48:50 ot_train.py:351 step:23K smpl:182K ep:279 epch:3.88 loss:0.154 grdn:10.099 lr:1.0e-05 updt_s:0.168 data_s:0.007
INFO 2026-09-08 07:49:34 ot_train.py:351 step:23K smpl:184K ep:282 epch:3.92 loss:0.154 grdn:10.148 lr:1.0e-05 updt_s:0.167 data_s:0.007
INFO 2026-09-08 07:50:17 ot_train.py:351 step:23K smpl:186K ep:285 epch:3.96 loss:0.153 grdn:10.107 lr:1.0e-05 updt_s:0.166 data_s:0.007
C:\Users\IamAr\miniconda3\envs\vla\lib\site-packages\torchvision\io\_video_deprecation_warning.py:5: UserWarning: The video decoding and encoding capabilities of torchvision are deprecated from version 0.22 and will be removed in version 0.24. We recommend that you migrate to TorchCodec, where we'll consolidate the future decoding/encoding capabilities of PyTorch: https://github.com/pytorch/torchcodec
  warnings.warn(
C:\Users\IamAr\miniconda3\envs\vla\lib\site-packages\torchvision\io\_video_deprecation_warning.py:5: UserWarning: The video decoding and encoding capabilities of torchvision are deprecated from version 0.22 and will be removed in version 0.24. We recommend that you migrate to TorchCodec, where we'll consolidate the future decoding/encoding capabilities of PyTorch: https://github.com/pytorch/torchcodec
  warnings.warn(
C:\Users\IamAr\miniconda3\envs\vla\lib\site-packages\torchvision\io\_video_deprecation_warning.py:5: UserWarning: The video decoding and encoding capabilities of torchvision are deprecated from version 0.22 and will be removed in version 0.24. We recommend that you migrate to TorchCodec, where we'll consolidate the future decoding/encoding capabilities of PyTorch: https://github.com/pytorch/torchcodec
  warnings.warn(
C:\Users\IamAr\miniconda3\envs\vla\lib\site-packages\torchvision\io\_video_deprecation_warning.py:5: UserWarning: The video decoding and encoding capabilities of torchvision are deprecated from version 0.22 and will be removed in version 0.24. We recommend that you migrate to TorchCodec, where we'll consolidate the future decoding/encoding capabilities of PyTorch: https://github.com/pytorch/torchcodec
  warnings.warn(
C:\Users\IamAr\miniconda3\envs\vla\lib\site-packages\torchvision\io\_video_deprecation_warning.py:5: UserWarning: The video decoding and encoding capabilities of torchvision are deprecated from version 0.22 and will be removed in version 0.24. We recommend that you migrate to TorchCodec, where we'll consolidate the future decoding/encoding capabilities of PyTorch: https://github.com/pytorch/torchcodec
  warnings.warn(
C:\Users\IamAr\miniconda3\envs\vla\lib\site-packages\torchvision\io\_video_deprecation_warning.py:5: UserWarning: The video decoding and encoding capabilities of torchvision are deprecated from version 0.22 and will be removed in version 0.24. We recommend that you migrate to TorchCodec, where we'll consolidate the future decoding/encoding capabilities of PyTorch: https://github.com/pytorch/torchcodec
  warnings.warn(
C:\Users\IamAr\miniconda3\envs\vla\lib\site-packages\torchvision\io\_video_deprecation_warning.py:5: UserWarning: The video decoding and encoding capabilities of torchvision are deprecated from version 0.22 and will be removed in version 0.24. We recommend that you migrate to TorchCodec, where we'll consolidate the future decoding/encoding capabilities of PyTorch: https://github.com/pytorch/torchcodec
  warnings.warn(
C:\Users\IamAr\miniconda3\envs\vla\lib\site-packages\torchvision\io\_video_deprecation_warning.py:5: UserWarning: The video decoding and encoding capabilities of torchvision are deprecated from version 0.22 and will be removed in version 0.24. We recommend that you migrate to TorchCodec, where we'll consolidate the future decoding/encoding capabilities of PyTorch: https://github.com/pytorch/torchcodec
  warnings.warn(
INFO 2026-09-08 07:51:13 ot_train.py:351 step:24K smpl:188K ep:288 epch:4.00 loss:0.152 grdn:9.984 lr:1.0e-05 updt_s:0.169 data_s:0.055
INFO 2026-09-08 07:51:58 ot_train.py:351 step:24K smpl:190K ep:291 epch:4.05 loss:0.151 grdn:10.007 lr:1.0e-05 updt_s:0.169 data_s:0.007
INFO 2026-09-08 07:52:42 ot_train.py:351 step:24K smpl:192K ep:294 epch:4.09 loss:0.148 grdn:9.762 lr:1.0e-05 updt_s:0.168 data_s:0.007
INFO 2026-09-08 07:53:26 ot_train.py:351 step:24K smpl:194K ep:297 epch:4.13 loss:0.149 grdn:9.764 lr:1.0e-05 updt_s:0.167 data_s:0.007
INFO 2026-09-08 07:54:09 ot_train.py:351 step:24K smpl:196K ep:300 epch:4.17 loss:0.148 grdn:9.718 lr:1.0e-05 updt_s:0.167 data_s:0.007
INFO 2026-09-08 07:54:53 ot_train.py:351 step:25K smpl:198K ep:304 epch:4.22 loss:0.147 grdn:9.650 lr:1.0e-05 updt_s:0.167 data_s:0.007
INFO 2026-09-08 07:55:37 ot_train.py:351 step:25K smpl:200K ep:307 epch:4.26 loss:0.145 grdn:9.592 lr:1.0e-05 updt_s:0.168 data_s:0.007
INFO 2026-09-08 07:56:21 ot_train.py:351 step:25K smpl:202K ep:310 epch:4.30 loss:0.147 grdn:9.650 lr:1.0e-05 updt_s:0.167 data_s:0.007
INFO 2026-09-08 07:57:05 ot_train.py:351 step:26K smpl:204K ep:313 epch:4.34 loss:0.145 grdn:9.479 lr:1.0e-05 updt_s:0.166 data_s:0.007
INFO 2026-09-08 07:57:48 ot_train.py:351 step:26K smpl:206K ep:316 epch:4.39 loss:0.145 grdn:9.388 lr:1.0e-05 updt_s:0.167 data_s:0.007
INFO 2026-09-08 07:58:32 ot_train.py:351 step:26K smpl:208K ep:319 epch:4.43 loss:0.143 grdn:9.257 lr:1.0e-05 updt_s:0.167 data_s:0.007
INFO 2026-09-08 07:59:16 ot_train.py:351 step:26K smpl:210K ep:322 epch:4.47 loss:0.141 grdn:9.105 lr:1.0e-05 updt_s:0.167 data_s:0.007
INFO 2026-09-08 08:00:00 ot_train.py:351 step:26K smpl:212K ep:325 epch:4.51 loss:0.142 grdn:9.367 lr:1.0e-05 updt_s:0.167 data_s:0.007
INFO 2026-09-08 08:00:45 ot_train.py:351 step:27K smpl:214K ep:328 epch:4.56 loss:0.141 grdn:9.183 lr:1.0e-05 updt_s:0.173 data_s:0.007
INFO 2026-09-08 08:01:30 ot_train.py:351 step:27K smpl:216K ep:331 epch:4.60 loss:0.141 grdn:9.209 lr:1.0e-05 updt_s:0.174 data_s:0.007
INFO 2026-09-08 08:02:15 ot_train.py:351 step:27K smpl:218K ep:334 epch:4.64 loss:0.141 grdn:9.285 lr:1.0e-05 updt_s:0.171 data_s:0.007
INFO 2026-09-08 08:02:59 ot_train.py:351 step:28K smpl:220K ep:337 epch:4.68 loss:0.139 grdn:8.942 lr:1.0e-05 updt_s:0.167 data_s:0.007
INFO 2026-09-08 08:03:43 ot_train.py:351 step:28K smpl:222K ep:340 epch:4.73 loss:0.138 grdn:9.046 lr:1.0e-05 updt_s:0.167 data_s:0.007
INFO 2026-09-08 08:04:27 ot_train.py:351 step:28K smpl:224K ep:343 epch:4.77 loss:0.137 grdn:8.981 lr:1.0e-05 updt_s:0.170 data_s:0.007
INFO 2026-09-08 08:05:13 ot_train.py:351 step:28K smpl:226K ep:346 epch:4.81 loss:0.136 grdn:8.898 lr:1.0e-05 updt_s:0.176 data_s:0.007
INFO 2026-09-08 08:06:00 ot_train.py:351 step:28K smpl:228K ep:350 epch:4.85 loss:0.137 grdn:8.943 lr:1.0e-05 updt_s:0.178 data_s:0.007
INFO 2026-09-08 08:06:47 ot_train.py:351 step:29K smpl:230K ep:353 epch:4.90 loss:0.137 grdn:8.789 lr:1.0e-05 updt_s:0.178 data_s:0.007
INFO 2026-09-08 08:07:34 ot_train.py:351 step:29K smpl:232K ep:356 epch:4.94 loss:0.135 grdn:8.875 lr:1.0e-05 updt_s:0.179 data_s:0.007
INFO 2026-09-08 08:08:20 ot_train.py:351 step:29K smpl:234K ep:359 epch:4.98 loss:0.136 grdn:9.022 lr:1.0e-05 updt_s:0.176 data_s:0.007
C:\Users\IamAr\miniconda3\envs\vla\lib\site-packages\torchvision\io\_video_deprecation_warning.py:5: UserWarning: The video decoding and encoding capabilities of torchvision are deprecated from version 0.22 and will be removed in version 0.24. We recommend that you migrate to TorchCodec, where we'll consolidate the future decoding/encoding capabilities of PyTorch: https://github.com/pytorch/torchcodec
  warnings.warn(
C:\Users\IamAr\miniconda3\envs\vla\lib\site-packages\torchvision\io\_video_deprecation_warning.py:5: UserWarning: The video decoding and encoding capabilities of torchvision are deprecated from version 0.22 and will be removed in version 0.24. We recommend that you migrate to TorchCodec, where we'll consolidate the future decoding/encoding capabilities of PyTorch: https://github.com/pytorch/torchcodec
  warnings.warn(
C:\Users\IamAr\miniconda3\envs\vla\lib\site-packages\torchvision\io\_video_deprecation_warning.py:5: UserWarning: The video decoding and encoding capabilities of torchvision are deprecated from version 0.22 and will be removed in version 0.24. We recommend that you migrate to TorchCodec, where we'll consolidate the future decoding/encoding capabilities of PyTorch: https://github.com/pytorch/torchcodec
  warnings.warn(
C:\Users\IamAr\miniconda3\envs\vla\lib\site-packages\torchvision\io\_video_deprecation_warning.py:5: UserWarning: The video decoding and encoding capabilities of torchvision are deprecated from version 0.22 and will be removed in version 0.24. We recommend that you migrate to TorchCodec, where we'll consolidate the future decoding/encoding capabilities of PyTorch: https://github.com/pytorch/torchcodec
  warnings.warn(
C:\Users\IamAr\miniconda3\envs\vla\lib\site-packages\torchvision\io\_video_deprecation_warning.py:5: UserWarning: The video decoding and encoding capabilities of torchvision are deprecated from version 0.22 and will be removed in version 0.24. We recommend that you migrate to TorchCodec, where we'll consolidate the future decoding/encoding capabilities of PyTorch: https://github.com/pytorch/torchcodec
  warnings.warn(
C:\Users\IamAr\miniconda3\envs\vla\lib\site-packages\torchvision\io\_video_deprecation_warning.py:5: UserWarning: The video decoding and encoding capabilities of torchvision are deprecated from version 0.22 and will be removed in version 0.24. We recommend that you migrate to TorchCodec, where we'll consolidate the future decoding/encoding capabilities of PyTorch: https://github.com/pytorch/torchcodec
  warnings.warn(
C:\Users\IamAr\miniconda3\envs\vla\lib\site-packages\torchvision\io\_video_deprecation_warning.py:5: UserWarning: The video decoding and encoding capabilities of torchvision are deprecated from version 0.22 and will be removed in version 0.24. We recommend that you migrate to TorchCodec, where we'll consolidate the future decoding/encoding capabilities of PyTorch: https://github.com/pytorch/torchcodec
  warnings.warn(
C:\Users\IamAr\miniconda3\envs\vla\lib\site-packages\torchvision\io\_video_deprecation_warning.py:5: UserWarning: The video decoding and encoding capabilities of torchvision are deprecated from version 0.22 and will be removed in version 0.24. We recommend that you migrate to TorchCodec, where we'll consolidate the future decoding/encoding capabilities of PyTorch: https://github.com/pytorch/torchcodec
  warnings.warn(
INFO 2026-09-08 08:09:19 ot_train.py:351 step:30K smpl:236K ep:362 epch:5.03 loss:0.133 grdn:8.625 lr:1.0e-05 updt_s:0.176 data_s:0.060
INFO 2026-09-08 08:10:03 ot_train.py:351 step:30K smpl:238K ep:365 epch:5.07 loss:0.131 grdn:8.504 lr:1.0e-05 updt_s:0.169 data_s:0.007
INFO 2026-09-08 08:10:47 ot_train.py:351 step:30K smpl:240K ep:368 epch:5.11 loss:0.131 grdn:8.585 lr:1.0e-05 updt_s:0.168 data_s:0.007
INFO 2026-09-08 08:10:48 ot_train.py:361 Checkpoint policy after step 30000
INFO 2026-09-08 08:11:34 ot_train.py:351 step:30K smpl:242K ep:371 epch:5.15 loss:0.132 grdn:8.706 lr:1.0e-05 updt_s:0.170 data_s:0.007
INFO 2026-09-08 08:12:18 ot_train.py:351 step:30K smpl:244K ep:374 epch:5.20 loss:0.129 grdn:8.476 lr:1.0e-05 updt_s:0.167 data_s:0.007
INFO 2026-09-08 08:13:01 ot_train.py:351 step:31K smpl:246K ep:377 epch:5.24 loss:0.130 grdn:8.410 lr:1.0e-05 updt_s:0.167 data_s:0.007
INFO 2026-09-08 08:13:45 ot_train.py:351 step:31K smpl:248K ep:380 epch:5.28 loss:0.133 grdn:8.631 lr:1.0e-05 updt_s:0.168 data_s:0.007
INFO 2026-09-08 08:14:29 ot_train.py:351 step:31K smpl:250K ep:383 epch:5.32 loss:0.129 grdn:8.481 lr:1.0e-05 updt_s:0.166 data_s:0.007
INFO 2026-09-08 08:15:12 ot_train.py:351 step:32K smpl:252K ep:386 epch:5.37 loss:0.129 grdn:8.311 lr:1.0e-05 updt_s:0.166 data_s:0.007
INFO 2026-09-08 08:15:56 ot_train.py:351 step:32K smpl:254K ep:389 epch:5.41 loss:0.129 grdn:8.203 lr:1.0e-05 updt_s:0.167 data_s:0.007
INFO 2026-09-08 08:16:40 ot_train.py:351 step:32K smpl:256K ep:392 epch:5.45 loss:0.129 grdn:8.482 lr:1.0e-05 updt_s:0.166 data_s:0.007
INFO 2026-09-08 08:17:23 ot_train.py:351 step:32K smpl:258K ep:396 epch:5.49 loss:0.128 grdn:8.296 lr:1.0e-05 updt_s:0.167 data_s:0.007
INFO 2026-09-08 08:18:07 ot_train.py:351 step:32K smpl:260K ep:399 epch:5.54 loss:0.127 grdn:8.303 lr:1.0e-05 updt_s:0.167 data_s:0.007
INFO 2026-09-08 08:18:51 ot_train.py:351 step:33K smpl:262K ep:402 epch:5.58 loss:0.128 grdn:8.238 lr:1.0e-05 updt_s:0.166 data_s:0.007
INFO 2026-09-08 08:19:34 ot_train.py:351 step:33K smpl:264K ep:405 epch:5.62 loss:0.128 grdn:8.187 lr:1.0e-05 updt_s:0.166 data_s:0.007
INFO 2026-09-08 08:20:18 ot_train.py:351 step:33K smpl:266K ep:408 epch:5.66 loss:0.125 grdn:8.390 lr:1.0e-05 updt_s:0.167 data_s:0.007
INFO 2026-09-08 08:21:02 ot_train.py:351 step:34K smpl:268K ep:411 epch:5.71 loss:0.127 grdn:8.287 lr:1.0e-05 updt_s:0.166 data_s:0.007
INFO 2026-09-08 08:21:46 ot_train.py:351 step:34K smpl:270K ep:414 epch:5.75 loss:0.124 grdn:8.127 lr:1.0e-05 updt_s:0.167 data_s:0.007
INFO 2026-09-08 08:22:29 ot_train.py:351 step:34K smpl:272K ep:417 epch:5.79 loss:0.122 grdn:8.078 lr:1.0e-05 updt_s:0.166 data_s:0.007
INFO 2026-09-08 08:23:13 ot_train.py:351 step:34K smpl:274K ep:420 epch:5.83 loss:0.122 grdn:7.751 lr:1.0e-05 updt_s:0.166 data_s:0.007
INFO 2026-09-08 08:23:56 ot_train.py:351 step:34K smpl:276K ep:423 epch:5.88 loss:0.124 grdn:8.104 lr:1.0e-05 updt_s:0.167 data_s:0.007
INFO 2026-09-08 08:24:40 ot_train.py:351 step:35K smpl:278K ep:426 epch:5.92 loss:0.124 grdn:8.172 lr:1.0e-05 updt_s:0.167 data_s:0.007
INFO 2026-09-08 08:25:24 ot_train.py:351 step:35K smpl:280K ep:429 epch:5.96 loss:0.123 grdn:8.110 lr:1.0e-05 updt_s:0.166 data_s:0.007
C:\Users\IamAr\miniconda3\envs\vla\lib\site-packages\torchvision\io\_video_deprecation_warning.py:5: UserWarning: The video decoding and encoding capabilities of torchvision are deprecated from version 0.22 and will be removed in version 0.24. We recommend that you migrate to TorchCodec, where we'll consolidate the future decoding/encoding capabilities of PyTorch: https://github.com/pytorch/torchcodec
  warnings.warn(
C:\Users\IamAr\miniconda3\envs\vla\lib\site-packages\torchvision\io\_video_deprecation_warning.py:5: UserWarning: The video decoding and encoding capabilities of torchvision are deprecated from version 0.22 and will be removed in version 0.24. We recommend that you migrate to TorchCodec, where we'll consolidate the future decoding/encoding capabilities of PyTorch: https://github.com/pytorch/torchcodec
  warnings.warn(
C:\Users\IamAr\miniconda3\envs\vla\lib\site-packages\torchvision\io\_video_deprecation_warning.py:5: UserWarning: The video decoding and encoding capabilities of torchvision are deprecated from version 0.22 and will be removed in version 0.24. We recommend that you migrate to TorchCodec, where we'll consolidate the future decoding/encoding capabilities of PyTorch: https://github.com/pytorch/torchcodec
  warnings.warn(
C:\Users\IamAr\miniconda3\envs\vla\lib\site-packages\torchvision\io\_video_deprecation_warning.py:5: UserWarning: The video decoding and encoding capabilities of torchvision are deprecated from version 0.22 and will be removed in version 0.24. We recommend that you migrate to TorchCodec, where we'll consolidate the future decoding/encoding capabilities of PyTorch: https://github.com/pytorch/torchcodec
  warnings.warn(
C:\Users\IamAr\miniconda3\envs\vla\lib\site-packages\torchvision\io\_video_deprecation_warning.py:5: UserWarning: The video decoding and encoding capabilities of torchvision are deprecated from version 0.22 and will be removed in version 0.24. We recommend that you migrate to TorchCodec, where we'll consolidate the future decoding/encoding capabilities of PyTorch: https://github.com/pytorch/torchcodec
  warnings.warn(
C:\Users\IamAr\miniconda3\envs\vla\lib\site-packages\torchvision\io\_video_deprecation_warning.py:5: UserWarning: The video decoding and encoding capabilities of torchvision are deprecated from version 0.22 and will be removed in version 0.24. We recommend that you migrate to TorchCodec, where we'll consolidate the future decoding/encoding capabilities of PyTorch: https://github.com/pytorch/torchcodec
  warnings.warn(
C:\Users\IamAr\miniconda3\envs\vla\lib\site-packages\torchvision\io\_video_deprecation_warning.py:5: UserWarning: The video decoding and encoding capabilities of torchvision are deprecated from version 0.22 and will be removed in version 0.24. We recommend that you migrate to TorchCodec, where we'll consolidate the future decoding/encoding capabilities of PyTorch: https://github.com/pytorch/torchcodec
  warnings.warn(
C:\Users\IamAr\miniconda3\envs\vla\lib\site-packages\torchvision\io\_video_deprecation_warning.py:5: UserWarning: The video decoding and encoding capabilities of torchvision are deprecated from version 0.22 and will be removed in version 0.24. We recommend that you migrate to TorchCodec, where we'll consolidate the future decoding/encoding capabilities of PyTorch: https://github.com/pytorch/torchcodec
  warnings.warn(
INFO 2026-09-08 08:26:20 ot_train.py:351 step:35K smpl:282K ep:432 epch:6.00 loss:0.123 grdn:7.960 lr:1.0e-05 updt_s:0.168 data_s:0.056
INFO 2026-09-08 08:27:04 ot_train.py:351 step:36K smpl:284K ep:435 epch:6.05 loss:0.119 grdn:7.725 lr:1.0e-05 updt_s:0.169 data_s:0.007
INFO 2026-09-08 08:27:48 ot_train.py:351 step:36K smpl:286K ep:438 epch:6.09 loss:0.120 grdn:7.859 lr:1.0e-05 updt_s:0.167 data_s:0.007
INFO 2026-09-08 08:28:32 ot_train.py:351 step:36K smpl:288K ep:442 epch:6.13 loss:0.118 grdn:7.653 lr:1.0e-05 updt_s:0.167 data_s:0.007
INFO 2026-09-08 08:29:16 ot_train.py:351 step:36K smpl:290K ep:445 epch:6.18 loss:0.118 grdn:7.743 lr:1.0e-05 updt_s:0.167 data_s:0.007
INFO 2026-09-08 08:30:00 ot_train.py:351 step:36K smpl:292K ep:448 epch:6.22 loss:0.122 grdn:8.123 lr:1.0e-05 updt_s:0.168 data_s:0.007
INFO 2026-09-08 08:30:43 ot_train.py:351 step:37K smpl:294K ep:451 epch:6.26 loss:0.119 grdn:7.767 lr:1.0e-05 updt_s:0.167 data_s:0.007
INFO 2026-09-08 08:31:27 ot_train.py:351 step:37K smpl:296K ep:454 epch:6.30 loss:0.121 grdn:7.871 lr:1.0e-05 updt_s:0.167 data_s:0.007
INFO 2026-09-08 08:32:11 ot_train.py:351 step:37K smpl:298K ep:457 epch:6.35 loss:0.119 grdn:7.764 lr:1.0e-05 updt_s:0.166 data_s:0.007
INFO 2026-09-08 08:32:55 ot_train.py:351 step:38K smpl:300K ep:460 epch:6.39 loss:0.120 grdn:7.667 lr:1.0e-05 updt_s:0.167 data_s:0.007
INFO 2026-09-08 08:33:38 ot_train.py:351 step:38K smpl:302K ep:463 epch:6.43 loss:0.116 grdn:7.570 lr:1.0e-05 updt_s:0.167 data_s:0.007
INFO 2026-09-08 08:34:22 ot_train.py:351 step:38K smpl:304K ep:466 epch:6.47 loss:0.118 grdn:7.717 lr:1.0e-05 updt_s:0.166 data_s:0.007
INFO 2026-09-08 08:35:06 ot_train.py:351 step:38K smpl:306K ep:469 epch:6.52 loss:0.118 grdn:7.805 lr:1.0e-05 updt_s:0.166 data_s:0.007
INFO 2026-09-08 08:35:49 ot_train.py:351 step:38K smpl:308K ep:472 epch:6.56 loss:0.115 grdn:7.669 lr:1.0e-05 updt_s:0.166 data_s:0.007
INFO 2026-09-08 08:36:33 ot_train.py:351 step:39K smpl:310K ep:475 epch:6.60 loss:0.116 grdn:7.659 lr:1.0e-05 updt_s:0.168 data_s:0.007
INFO 2026-09-08 08:37:17 ot_train.py:351 step:39K smpl:312K ep:478 epch:6.64 loss:0.119 grdn:7.854 lr:1.0e-05 updt_s:0.167 data_s:0.007
INFO 2026-09-08 08:38:01 ot_train.py:351 step:39K smpl:314K ep:481 epch:6.69 loss:0.118 grdn:7.626 lr:1.0e-05 updt_s:0.167 data_s:0.007
INFO 2026-09-08 08:38:45 ot_train.py:351 step:40K smpl:316K ep:484 epch:6.73 loss:0.115 grdn:7.570 lr:1.0e-05 updt_s:0.167 data_s:0.007
INFO 2026-09-08 08:39:28 ot_train.py:351 step:40K smpl:318K ep:488 epch:6.77 loss:0.113 grdn:7.385 lr:1.0e-05 updt_s:0.166 data_s:0.007
INFO 2026-09-08 08:40:12 ot_train.py:351 step:40K smpl:320K ep:491 epch:6.81 loss:0.116 grdn:7.466 lr:1.0e-05 updt_s:0.168 data_s:0.007
INFO 2026-09-08 08:40:12 ot_train.py:361 Checkpoint policy after step 40000
INFO 2026-09-08 08:40:58 ot_train.py:351 step:40K smpl:322K ep:494 epch:6.86 loss:0.112 grdn:7.355 lr:1.0e-05 updt_s:0.170 data_s:0.007
INFO 2026-09-08 08:41:42 ot_train.py:351 step:40K smpl:324K ep:497 epch:6.90 loss:0.112 grdn:7.323 lr:1.0e-05 updt_s:0.167 data_s:0.007
INFO 2026-09-08 08:42:26 ot_train.py:351 step:41K smpl:326K ep:500 epch:6.94 loss:0.114 grdn:7.529 lr:1.0e-05 updt_s:0.168 data_s:0.007
INFO 2026-09-08 08:43:10 ot_train.py:351 step:41K smpl:328K ep:503 epch:6.98 loss:0.114 grdn:7.273 lr:1.0e-05 updt_s:0.168 data_s:0.007
C:\Users\IamAr\miniconda3\envs\vla\lib\site-packages\torchvision\io\_video_deprecation_warning.py:5: UserWarning: The video decoding and encoding capabilities of torchvision are deprecated from version 0.22 and will be removed in version 0.24. We recommend that you migrate to TorchCodec, where we'll consolidate the future decoding/encoding capabilities of PyTorch: https://github.com/pytorch/torchcodec
  warnings.warn(
C:\Users\IamAr\miniconda3\envs\vla\lib\site-packages\torchvision\io\_video_deprecation_warning.py:5: UserWarning: The video decoding and encoding capabilities of torchvision are deprecated from version 0.22 and will be removed in version 0.24. We recommend that you migrate to TorchCodec, where we'll consolidate the future decoding/encoding capabilities of PyTorch: https://github.com/pytorch/torchcodec
  warnings.warn(
C:\Users\IamAr\miniconda3\envs\vla\lib\site-packages\torchvision\io\_video_deprecation_warning.py:5: UserWarning: The video decoding and encoding capabilities of torchvision are deprecated from version 0.22 and will be removed in version 0.24. We recommend that you migrate to TorchCodec, where we'll consolidate the future decoding/encoding capabilities of PyTorch: https://github.com/pytorch/torchcodec
  warnings.warn(
C:\Users\IamAr\miniconda3\envs\vla\lib\site-packages\torchvision\io\_video_deprecation_warning.py:5: UserWarning: The video decoding and encoding capabilities of torchvision are deprecated from version 0.22 and will be removed in version 0.24. We recommend that you migrate to TorchCodec, where we'll consolidate the future decoding/encoding capabilities of PyTorch: https://github.com/pytorch/torchcodec
  warnings.warn(
C:\Users\IamAr\miniconda3\envs\vla\lib\site-packages\torchvision\io\_video_deprecation_warning.py:5: UserWarning: The video decoding and encoding capabilities of torchvision are deprecated from version 0.22 and will be removed in version 0.24. We recommend that you migrate to TorchCodec, where we'll consolidate the future decoding/encoding capabilities of PyTorch: https://github.com/pytorch/torchcodec
  warnings.warn(
C:\Users\IamAr\miniconda3\envs\vla\lib\site-packages\torchvision\io\_video_deprecation_warning.py:5: UserWarning: The video decoding and encoding capabilities of torchvision are deprecated from version 0.22 and will be removed in version 0.24. We recommend that you migrate to TorchCodec, where we'll consolidate the future decoding/encoding capabilities of PyTorch: https://github.com/pytorch/torchcodec
  warnings.warn(
C:\Users\IamAr\miniconda3\envs\vla\lib\site-packages\torchvision\io\_video_deprecation_warning.py:5: UserWarning: The video decoding and encoding capabilities of torchvision are deprecated from version 0.22 and will be removed in version 0.24. We recommend that you migrate to TorchCodec, where we'll consolidate the future decoding/encoding capabilities of PyTorch: https://github.com/pytorch/torchcodec
  warnings.warn(
C:\Users\IamAr\miniconda3\envs\vla\lib\site-packages\torchvision\io\_video_deprecation_warning.py:5: UserWarning: The video decoding and encoding capabilities of torchvision are deprecated from version 0.22 and will be removed in version 0.24. We recommend that you migrate to TorchCodec, where we'll consolidate the future decoding/encoding capabilities of PyTorch: https://github.com/pytorch/torchcodec
  warnings.warn(
INFO 2026-09-08 08:44:07 ot_train.py:351 step:41K smpl:330K ep:506 epch:7.03 loss:0.113 grdn:7.396 lr:1.0e-05 updt_s:0.172 data_s:0.056
INFO 2026-09-08 08:44:51 ot_train.py:351 step:42K smpl:332K ep:509 epch:7.07 loss:0.113 grdn:7.383 lr:1.0e-05 updt_s:0.168 data_s:0.007
INFO 2026-09-08 08:45:35 ot_train.py:351 step:42K smpl:334K ep:512 epch:7.11 loss:0.112 grdn:7.248 lr:1.0e-05 updt_s:0.168 data_s:0.007
INFO 2026-09-08 08:46:19 ot_train.py:351 step:42K smpl:336K ep:515 epch:7.15 loss:0.111 grdn:7.292 lr:1.0e-05 updt_s:0.168 data_s:0.007
INFO 2026-09-08 08:47:03 ot_train.py:351 step:42K smpl:338K ep:518 epch:7.20 loss:0.110 grdn:7.274 lr:1.0e-05 updt_s:0.168 data_s:0.007
INFO 2026-09-08 08:47:47 ot_train.py:351 step:42K smpl:340K ep:521 epch:7.24 loss:0.111 grdn:7.389 lr:1.0e-05 updt_s:0.167 data_s:0.007
INFO 2026-09-08 08:48:31 ot_train.py:351 step:43K smpl:342K ep:524 epch:7.28 loss:0.110 grdn:7.206 lr:1.0e-05 updt_s:0.167 data_s:0.007
INFO 2026-09-08 08:49:15 ot_train.py:351 step:43K smpl:344K ep:527 epch:7.32 loss:0.111 grdn:7.374 lr:1.0e-05 updt_s:0.168 data_s:0.007
INFO 2026-09-08 08:49:59 ot_train.py:351 step:43K smpl:346K ep:530 epch:7.37 loss:0.111 grdn:7.198 lr:1.0e-05 updt_s:0.167 data_s:0.007
INFO 2026-09-08 08:50:42 ot_train.py:351 step:44K smpl:348K ep:534 epch:7.41 loss:0.111 grdn:7.243 lr:1.0e-05 updt_s:0.167 data_s:0.007
INFO 2026-09-08 08:51:26 ot_train.py:351 step:44K smpl:350K ep:537 epch:7.45 loss:0.109 grdn:7.329 lr:1.0e-05 updt_s:0.167 data_s:0.007
INFO 2026-09-08 08:52:10 ot_train.py:351 step:44K smpl:352K ep:540 epch:7.50 loss:0.107 grdn:7.064 lr:1.0e-05 updt_s:0.168 data_s:0.007
INFO 2026-09-08 08:52:54 ot_train.py:351 step:44K smpl:354K ep:543 epch:7.54 loss:0.110 grdn:7.305 lr:1.0e-05 updt_s:0.166 data_s:0.007
INFO 2026-09-08 08:53:38 ot_train.py:351 step:44K smpl:356K ep:546 epch:7.58 loss:0.108 grdn:7.035 lr:1.0e-05 updt_s:0.167 data_s:0.007
INFO 2026-09-08 08:54:21 ot_train.py:351 step:45K smpl:358K ep:549 epch:7.62 loss:0.108 grdn:7.175 lr:1.0e-05 updt_s:0.167 data_s:0.007
INFO 2026-09-08 08:55:05 ot_train.py:351 step:45K smpl:360K ep:552 epch:7.67 loss:0.108 grdn:7.192 lr:1.0e-05 updt_s:0.167 data_s:0.007
INFO 2026-09-08 08:55:49 ot_train.py:351 step:45K smpl:362K ep:555 epch:7.71 loss:0.111 grdn:7.471 lr:1.0e-05 updt_s:0.166 data_s:0.007
INFO 2026-09-08 08:56:32 ot_train.py:351 step:46K smpl:364K ep:558 epch:7.75 loss:0.107 grdn:6.887 lr:1.0e-05 updt_s:0.166 data_s:0.007
INFO 2026-09-08 08:57:16 ot_train.py:351 step:46K smpl:366K ep:561 epch:7.79 loss:0.108 grdn:7.143 lr:1.0e-05 updt_s:0.166 data_s:0.007
INFO 2026-09-08 08:58:00 ot_train.py:351 step:46K smpl:368K ep:564 epch:7.84 loss:0.109 grdn:7.382 lr:1.0e-05 updt_s:0.167 data_s:0.007
INFO 2026-09-08 08:58:44 ot_train.py:351 step:46K smpl:370K ep:567 epch:7.88 loss:0.107 grdn:6.960 lr:1.0e-05 updt_s:0.167 data_s:0.007
INFO 2026-09-08 08:59:27 ot_train.py:351 step:46K smpl:372K ep:570 epch:7.92 loss:0.108 grdn:7.059 lr:1.0e-05 updt_s:0.166 data_s:0.007
INFO 2026-09-08 09:00:11 ot_train.py:351 step:47K smpl:374K ep:573 epch:7.96 loss:0.107 grdn:7.065 lr:1.0e-05 updt_s:0.167 data_s:0.007
C:\Users\IamAr\miniconda3\envs\vla\lib\site-packages\torchvision\io\_video_deprecation_warning.py:5: UserWarning: The video decoding and encoding capabilities of torchvision are deprecated from version 0.22 and will be removed in version 0.24. We recommend that you migrate to TorchCodec, where we'll consolidate the future decoding/encoding capabilities of PyTorch: https://github.com/pytorch/torchcodec
  warnings.warn(
C:\Users\IamAr\miniconda3\envs\vla\lib\site-packages\torchvision\io\_video_deprecation_warning.py:5: UserWarning: The video decoding and encoding capabilities of torchvision are deprecated from version 0.22 and will be removed in version 0.24. We recommend that you migrate to TorchCodec, where we'll consolidate the future decoding/encoding capabilities of PyTorch: https://github.com/pytorch/torchcodec
  warnings.warn(
C:\Users\IamAr\miniconda3\envs\vla\lib\site-packages\torchvision\io\_video_deprecation_warning.py:5: UserWarning: The video decoding and encoding capabilities of torchvision are deprecated from version 0.22 and will be removed in version 0.24. We recommend that you migrate to TorchCodec, where we'll consolidate the future decoding/encoding capabilities of PyTorch: https://github.com/pytorch/torchcodec
  warnings.warn(
C:\Users\IamAr\miniconda3\envs\vla\lib\site-packages\torchvision\io\_video_deprecation_warning.py:5: UserWarning: The video decoding and encoding capabilities of torchvision are deprecated from version 0.22 and will be removed in version 0.24. We recommend that you migrate to TorchCodec, where we'll consolidate the future decoding/encoding capabilities of PyTorch: https://github.com/pytorch/torchcodec
  warnings.warn(
C:\Users\IamAr\miniconda3\envs\vla\lib\site-packages\torchvision\io\_video_deprecation_warning.py:5: UserWarning: The video decoding and encoding capabilities of torchvision are deprecated from version 0.22 and will be removed in version 0.24. We recommend that you migrate to TorchCodec, where we'll consolidate the future decoding/encoding capabilities of PyTorch: https://github.com/pytorch/torchcodec
  warnings.warn(
C:\Users\IamAr\miniconda3\envs\vla\lib\site-packages\torchvision\io\_video_deprecation_warning.py:5: UserWarning: The video decoding and encoding capabilities of torchvision are deprecated from version 0.22 and will be removed in version 0.24. We recommend that you migrate to TorchCodec, where we'll consolidate the future decoding/encoding capabilities of PyTorch: https://github.com/pytorch/torchcodec
  warnings.warn(
C:\Users\IamAr\miniconda3\envs\vla\lib\site-packages\torchvision\io\_video_deprecation_warning.py:5: UserWarning: The video decoding and encoding capabilities of torchvision are deprecated from version 0.22 and will be removed in version 0.24. We recommend that you migrate to TorchCodec, where we'll consolidate the future decoding/encoding capabilities of PyTorch: https://github.com/pytorch/torchcodec
  warnings.warn(
C:\Users\IamAr\miniconda3\envs\vla\lib\site-packages\torchvision\io\_video_deprecation_warning.py:5: UserWarning: The video decoding and encoding capabilities of torchvision are deprecated from version 0.22 and will be removed in version 0.24. We recommend that you migrate to TorchCodec, where we'll consolidate the future decoding/encoding capabilities of PyTorch: https://github.com/pytorch/torchcodec
  warnings.warn(
INFO 2026-09-08 09:01:07 ot_train.py:351 step:47K smpl:376K ep:576 epch:8.01 loss:0.106 grdn:7.030 lr:1.0e-05 updt_s:0.168 data_s:0.055
INFO 2026-09-08 09:01:51 ot_train.py:351 step:47K smpl:378K ep:580 epch:8.05 loss:0.105 grdn:6.881 lr:1.0e-05 updt_s:0.169 data_s:0.007
INFO 2026-09-08 09:02:35 ot_train.py:351 step:48K smpl:380K ep:583 epch:8.09 loss:0.103 grdn:6.659 lr:1.0e-05 updt_s:0.167 data_s:0.007
INFO 2026-09-08 09:03:19 ot_train.py:351 step:48K smpl:382K ep:586 epch:8.13 loss:0.106 grdn:7.064 lr:1.0e-05 updt_s:0.167 data_s:0.007
INFO 2026-09-08 09:04:03 ot_train.py:351 step:48K smpl:384K ep:589 epch:8.18 loss:0.103 grdn:6.969 lr:1.0e-05 updt_s:0.167 data_s:0.007
INFO 2026-09-08 09:04:47 ot_train.py:351 step:48K smpl:386K ep:592 epch:8.22 loss:0.103 grdn:6.842 lr:1.0e-05 updt_s:0.168 data_s:0.007
INFO 2026-09-08 09:05:31 ot_train.py:351 step:48K smpl:388K ep:595 epch:8.26 loss:0.105 grdn:6.879 lr:1.0e-05 updt_s:0.166 data_s:0.007
INFO 2026-09-08 09:06:15 ot_train.py:351 step:49K smpl:390K ep:598 epch:8.30 loss:0.104 grdn:6.918 lr:1.0e-05 updt_s:0.167 data_s:0.007
INFO 2026-09-08 09:06:58 ot_train.py:351 step:49K smpl:392K ep:601 epch:8.35 loss:0.102 grdn:6.733 lr:1.0e-05 updt_s:0.167 data_s:0.007
INFO 2026-09-08 09:07:42 ot_train.py:351 step:49K smpl:394K ep:604 epch:8.39 loss:0.103 grdn:6.762 lr:1.0e-05 updt_s:0.168 data_s:0.007
INFO 2026-09-08 09:08:26 ot_train.py:351 step:50K smpl:396K ep:607 epch:8.43 loss:0.103 grdn:6.774 lr:1.0e-05 updt_s:0.167 data_s:0.007
INFO 2026-09-08 09:09:10 ot_train.py:351 step:50K smpl:398K ep:610 epch:8.47 loss:0.104 grdn:6.944 lr:1.0e-05 updt_s:0.167 data_s:0.007
INFO 2026-09-08 09:09:54 ot_train.py:351 step:50K smpl:400K ep:613 epch:8.52 loss:0.102 grdn:6.605 lr:1.0e-05 updt_s:0.167 data_s:0.007
INFO 2026-09-08 09:09:54 ot_train.py:361 Checkpoint policy after step 50000
INFO 2026-09-08 09:10:40 ot_train.py:351 step:50K smpl:402K ep:616 epch:8.56 loss:0.101 grdn:6.597 lr:1.0e-05 updt_s:0.170 data_s:0.007
INFO 2026-09-08 09:11:24 ot_train.py:351 step:50K smpl:404K ep:619 epch:8.60 loss:0.103 grdn:6.848 lr:1.0e-05 updt_s:0.166 data_s:0.007
INFO 2026-09-08 09:12:07 ot_train.py:351 step:51K smpl:406K ep:622 epch:8.65 loss:0.103 grdn:6.967 lr:1.0e-05 updt_s:0.167 data_s:0.007
INFO 2026-09-08 09:12:51 ot_train.py:351 step:51K smpl:408K ep:626 epch:8.69 loss:0.102 grdn:6.836 lr:1.0e-05 updt_s:0.167 data_s:0.007
INFO 2026-09-08 09:13:35 ot_train.py:351 step:51K smpl:410K ep:629 epch:8.73 loss:0.102 grdn:6.720 lr:1.0e-05 updt_s:0.167 data_s:0.007
INFO 2026-09-08 09:14:19 ot_train.py:351 step:52K smpl:412K ep:632 epch:8.77 loss:0.100 grdn:6.583 lr:1.0e-05 updt_s:0.167 data_s:0.007
INFO 2026-09-08 09:15:02 ot_train.py:351 step:52K smpl:414K ep:635 epch:8.82 loss:0.102 grdn:6.675 lr:1.0e-05 updt_s:0.166 data_s:0.007
INFO 2026-09-08 09:15:46 ot_train.py:351 step:52K smpl:416K ep:638 epch:8.86 loss:0.102 grdn:6.881 lr:1.0e-05 updt_s:0.167 data_s:0.007
INFO 2026-09-08 09:16:30 ot_train.py:351 step:52K smpl:418K ep:641 epch:8.90 loss:0.101 grdn:6.699 lr:1.0e-05 updt_s:0.167 data_s:0.007
INFO 2026-09-08 09:17:14 ot_train.py:351 step:52K smpl:420K ep:644 epch:8.94 loss:0.103 grdn:6.748 lr:1.0e-05 updt_s:0.167 data_s:0.007
INFO 2026-09-08 09:17:58 ot_train.py:351 step:53K smpl:422K ep:647 epch:8.99 loss:0.100 grdn:6.722 lr:1.0e-05 updt_s:0.167 data_s:0.007
C:\Users\IamAr\miniconda3\envs\vla\lib\site-packages\torchvision\io\_video_deprecation_warning.py:5: UserWarning: The video decoding and encoding capabilities of torchvision are deprecated from version 0.22 and will be removed in version 0.24. We recommend that you migrate to TorchCodec, where we'll consolidate the future decoding/encoding capabilities of PyTorch: https://github.com/pytorch/torchcodec
  warnings.warn(
C:\Users\IamAr\miniconda3\envs\vla\lib\site-packages\torchvision\io\_video_deprecation_warning.py:5: UserWarning: The video decoding and encoding capabilities of torchvision are deprecated from version 0.22 and will be removed in version 0.24. We recommend that you migrate to TorchCodec, where we'll consolidate the future decoding/encoding capabilities of PyTorch: https://github.com/pytorch/torchcodec
  warnings.warn(
C:\Users\IamAr\miniconda3\envs\vla\lib\site-packages\torchvision\io\_video_deprecation_warning.py:5: UserWarning: The video decoding and encoding capabilities of torchvision are deprecated from version 0.22 and will be removed in version 0.24. We recommend that you migrate to TorchCodec, where we'll consolidate the future decoding/encoding capabilities of PyTorch: https://github.com/pytorch/torchcodec
  warnings.warn(
C:\Users\IamAr\miniconda3\envs\vla\lib\site-packages\torchvision\io\_video_deprecation_warning.py:5: UserWarning: The video decoding and encoding capabilities of torchvision are deprecated from version 0.22 and will be removed in version 0.24. We recommend that you migrate to TorchCodec, where we'll consolidate the future decoding/encoding capabilities of PyTorch: https://github.com/pytorch/torchcodec
  warnings.warn(
C:\Users\IamAr\miniconda3\envs\vla\lib\site-packages\torchvision\io\_video_deprecation_warning.py:5: UserWarning: The video decoding and encoding capabilities of torchvision are deprecated from version 0.22 and will be removed in version 0.24. We recommend that you migrate to TorchCodec, where we'll consolidate the future decoding/encoding capabilities of PyTorch: https://github.com/pytorch/torchcodec
  warnings.warn(
C:\Users\IamAr\miniconda3\envs\vla\lib\site-packages\torchvision\io\_video_deprecation_warning.py:5: UserWarning: The video decoding and encoding capabilities of torchvision are deprecated from version 0.22 and will be removed in version 0.24. We recommend that you migrate to TorchCodec, where we'll consolidate the future decoding/encoding capabilities of PyTorch: https://github.com/pytorch/torchcodec
  warnings.warn(
C:\Users\IamAr\miniconda3\envs\vla\lib\site-packages\torchvision\io\_video_deprecation_warning.py:5: UserWarning: The video decoding and encoding capabilities of torchvision are deprecated from version 0.22 and will be removed in version 0.24. We recommend that you migrate to TorchCodec, where we'll consolidate the future decoding/encoding capabilities of PyTorch: https://github.com/pytorch/torchcodec
  warnings.warn(
C:\Users\IamAr\miniconda3\envs\vla\lib\site-packages\torchvision\io\_video_deprecation_warning.py:5: UserWarning: The video decoding and encoding capabilities of torchvision are deprecated from version 0.22 and will be removed in version 0.24. We recommend that you migrate to TorchCodec, where we'll consolidate the future decoding/encoding capabilities of PyTorch: https://github.com/pytorch/torchcodec
  warnings.warn(
INFO 2026-09-08 09:18:54 ot_train.py:351 step:53K smpl:424K ep:650 epch:9.03 loss:0.100 grdn:6.720 lr:1.0e-05 updt_s:0.170 data_s:0.056
INFO 2026-09-08 09:19:39 ot_train.py:351 step:53K smpl:426K ep:653 epch:9.07 loss:0.098 grdn:6.500 lr:1.0e-05 updt_s:0.168 data_s:0.007
INFO 2026-09-08 09:20:23 ot_train.py:351 step:54K smpl:428K ep:656 epch:9.11 loss:0.098 grdn:6.492 lr:1.0e-05 updt_s:0.168 data_s:0.007
INFO 2026-09-08 09:21:07 ot_train.py:351 step:54K smpl:430K ep:659 epch:9.16 loss:0.099 grdn:6.616 lr:1.0e-05 updt_s:0.168 data_s:0.007
INFO 2026-09-08 09:21:51 ot_train.py:351 step:54K smpl:432K ep:662 epch:9.20 loss:0.097 grdn:6.471 lr:1.0e-05 updt_s:0.167 data_s:0.007
INFO 2026-09-08 09:22:34 ot_train.py:351 step:54K smpl:434K ep:665 epch:9.24 loss:0.097 grdn:6.687 lr:1.0e-05 updt_s:0.167 data_s:0.007
INFO 2026-09-08 09:23:18 ot_train.py:351 step:54K smpl:436K ep:668 epch:9.28 loss:0.098 grdn:6.587 lr:1.0e-05 updt_s:0.168 data_s:0.007
INFO 2026-09-08 09:24:02 ot_train.py:351 step:55K smpl:438K ep:672 epch:9.33 loss:0.099 grdn:6.734 lr:1.0e-05 updt_s:0.167 data_s:0.007
INFO 2026-09-08 09:24:46 ot_train.py:351 step:55K smpl:440K ep:675 epch:9.37 loss:0.098 grdn:6.439 lr:1.0e-05 updt_s:0.167 data_s:0.007
INFO 2026-09-08 09:25:30 ot_train.py:351 step:55K smpl:442K ep:678 epch:9.41 loss:0.099 grdn:6.660 lr:1.0e-05 updt_s:0.167 data_s:0.007
INFO 2026-09-08 09:26:14 ot_train.py:351 step:56K smpl:444K ep:681 epch:9.45 loss:0.095 grdn:6.129 lr:1.0e-05 updt_s:0.168 data_s:0.007
INFO 2026-09-08 09:26:57 ot_train.py:351 step:56K smpl:446K ep:684 epch:9.50 loss:0.099 grdn:6.538 lr:1.0e-05 updt_s:0.167 data_s:0.007
INFO 2026-09-08 09:27:41 ot_train.py:351 step:56K smpl:448K ep:687 epch:9.54 loss:0.097 grdn:6.276 lr:1.0e-05 updt_s:0.167 data_s:0.007
INFO 2026-09-08 09:28:25 ot_train.py:351 step:56K smpl:450K ep:690 epch:9.58 loss:0.098 grdn:6.614 lr:1.0e-05 updt_s:0.166 data_s:0.007
INFO 2026-09-08 09:29:09 ot_train.py:351 step:56K smpl:452K ep:693 epch:9.62 loss:0.099 grdn:6.664 lr:1.0e-05 updt_s:0.168 data_s:0.007
INFO 2026-09-08 09:29:53 ot_train.py:351 step:57K smpl:454K ep:696 epch:9.67 loss:0.098 grdn:6.487 lr:1.0e-05 updt_s:0.168 data_s:0.007
INFO 2026-09-08 09:30:37 ot_train.py:351 step:57K smpl:456K ep:699 epch:9.71 loss:0.097 grdn:6.668 lr:1.0e-05 updt_s:0.167 data_s:0.007
INFO 2026-09-08 09:31:20 ot_train.py:351 step:57K smpl:458K ep:702 epch:9.75 loss:0.097 grdn:6.556 lr:1.0e-05 updt_s:0.167 data_s:0.007
INFO 2026-09-08 09:32:04 ot_train.py:351 step:58K smpl:460K ep:705 epch:9.79 loss:0.097 grdn:6.420 lr:1.0e-05 updt_s:0.167 data_s:0.007
INFO 2026-09-08 09:32:48 ot_train.py:351 step:58K smpl:462K ep:708 epch:9.84 loss:0.097 grdn:6.366 lr:1.0e-05 updt_s:0.168 data_s:0.007
INFO 2026-09-08 09:33:32 ot_train.py:351 step:58K smpl:464K ep:711 epch:9.88 loss:0.097 grdn:6.674 lr:1.0e-05 updt_s:0.167 data_s:0.007
INFO 2026-09-08 09:34:16 ot_train.py:351 step:58K smpl:466K ep:714 epch:9.92 loss:0.095 grdn:6.359 lr:1.0e-05 updt_s:0.167 data_s:0.007
INFO 2026-09-08 09:34:59 ot_train.py:351 step:58K smpl:468K ep:718 epch:9.97 loss:0.095 grdn:6.312 lr:1.0e-05 updt_s:0.167 data_s:0.007
C:\Users\IamAr\miniconda3\envs\vla\lib\site-packages\torchvision\io\_video_deprecation_warning.py:5: UserWarning: The video decoding and encoding capabilities of torchvision are deprecated from version 0.22 and will be removed in version 0.24. We recommend that you migrate to TorchCodec, where we'll consolidate the future decoding/encoding capabilities of PyTorch: https://github.com/pytorch/torchcodec
  warnings.warn(
C:\Users\IamAr\miniconda3\envs\vla\lib\site-packages\torchvision\io\_video_deprecation_warning.py:5: UserWarning: The video decoding and encoding capabilities of torchvision are deprecated from version 0.22 and will be removed in version 0.24. We recommend that you migrate to TorchCodec, where we'll consolidate the future decoding/encoding capabilities of PyTorch: https://github.com/pytorch/torchcodec
  warnings.warn(
C:\Users\IamAr\miniconda3\envs\vla\lib\site-packages\torchvision\io\_video_deprecation_warning.py:5: UserWarning: The video decoding and encoding capabilities of torchvision are deprecated from version 0.22 and will be removed in version 0.24. We recommend that you migrate to TorchCodec, where we'll consolidate the future decoding/encoding capabilities of PyTorch: https://github.com/pytorch/torchcodec
  warnings.warn(
C:\Users\IamAr\miniconda3\envs\vla\lib\site-packages\torchvision\io\_video_deprecation_warning.py:5: UserWarning: The video decoding and encoding capabilities of torchvision are deprecated from version 0.22 and will be removed in version 0.24. We recommend that you migrate to TorchCodec, where we'll consolidate the future decoding/encoding capabilities of PyTorch: https://github.com/pytorch/torchcodec
  warnings.warn(
C:\Users\IamAr\miniconda3\envs\vla\lib\site-packages\torchvision\io\_video_deprecation_warning.py:5: UserWarning: The video decoding and encoding capabilities of torchvision are deprecated from version 0.22 and will be removed in version 0.24. We recommend that you migrate to TorchCodec, where we'll consolidate the future decoding/encoding capabilities of PyTorch: https://github.com/pytorch/torchcodec
  warnings.warn(
C:\Users\IamAr\miniconda3\envs\vla\lib\site-packages\torchvision\io\_video_deprecation_warning.py:5: UserWarning: The video decoding and encoding capabilities of torchvision are deprecated from version 0.22 and will be removed in version 0.24. We recommend that you migrate to TorchCodec, where we'll consolidate the future decoding/encoding capabilities of PyTorch: https://github.com/pytorch/torchcodec
  warnings.warn(
C:\Users\IamAr\miniconda3\envs\vla\lib\site-packages\torchvision\io\_video_deprecation_warning.py:5: UserWarning: The video decoding and encoding capabilities of torchvision are deprecated from version 0.22 and will be removed in version 0.24. We recommend that you migrate to TorchCodec, where we'll consolidate the future decoding/encoding capabilities of PyTorch: https://github.com/pytorch/torchcodec
  warnings.warn(
C:\Users\IamAr\miniconda3\envs\vla\lib\site-packages\torchvision\io\_video_deprecation_warning.py:5: UserWarning: The video decoding and encoding capabilities of torchvision are deprecated from version 0.22 and will be removed in version 0.24. We recommend that you migrate to TorchCodec, where we'll consolidate the future decoding/encoding capabilities of PyTorch: https://github.com/pytorch/torchcodec
  warnings.warn(
INFO 2026-09-08 09:35:56 ot_train.py:351 step:59K smpl:470K ep:721 epch:10.01 loss:0.097 grdn:6.433 lr:1.0e-05 updt_s:0.169 data_s:0.056
INFO 2026-09-08 09:36:40 ot_train.py:351 step:59K smpl:472K ep:724 epch:10.05 loss:0.095 grdn:6.328 lr:1.0e-05 updt_s:0.169 data_s:0.007
INFO 2026-09-08 09:37:24 ot_train.py:351 step:59K smpl:474K ep:727 epch:10.09 loss:0.095 grdn:6.345 lr:1.0e-05 updt_s:0.167 data_s:0.007
INFO 2026-09-08 09:38:08 ot_train.py:351 step:60K smpl:476K ep:730 epch:10.14 loss:0.094 grdn:6.085 lr:1.0e-05 updt_s:0.167 data_s:0.007
INFO 2026-09-08 09:38:52 ot_train.py:351 step:60K smpl:478K ep:733 epch:10.18 loss:0.095 grdn:6.349 lr:1.0e-05 updt_s:0.168 data_s:0.007
INFO 2026-09-08 09:39:36 ot_train.py:351 step:60K smpl:480K ep:736 epch:10.22 loss:0.093 grdn:6.428 lr:1.0e-05 updt_s:0.167 data_s:0.007
INFO 2026-09-08 09:39:36 ot_train.py:361 Checkpoint policy after step 60000
INFO 2026-09-08 09:40:21 ot_train.py:351 step:60K smpl:482K ep:739 epch:10.26 loss:0.093 grdn:6.223 lr:1.0e-05 updt_s:0.169 data_s:0.007
INFO 2026-09-08 09:41:06 ot_train.py:351 step:60K smpl:484K ep:742 epch:10.31 loss:0.095 grdn:6.182 lr:1.0e-05 updt_s:0.169 data_s:0.007
INFO 2026-09-08 09:41:50 ot_train.py:351 step:61K smpl:486K ep:745 epch:10.35 loss:0.093 grdn:6.255 lr:1.0e-05 updt_s:0.170 data_s:0.007
INFO 2026-09-08 09:42:34 ot_train.py:351 step:61K smpl:488K ep:748 epch:10.39 loss:0.093 grdn:6.258 lr:1.0e-05 updt_s:0.168 data_s:0.007
INFO 2026-09-08 09:43:19 ot_train.py:351 step:61K smpl:490K ep:751 epch:10.43 loss:0.093 grdn:6.429 lr:1.0e-05 updt_s:0.169 data_s:0.007
INFO 2026-09-08 09:44:03 ot_train.py:351 step:62K smpl:492K ep:754 epch:10.48 loss:0.092 grdn:6.134 lr:1.0e-05 updt_s:0.168 data_s:0.007
INFO 2026-09-08 09:44:47 ot_train.py:351 step:62K smpl:494K ep:757 epch:10.52 loss:0.093 grdn:6.287 lr:1.0e-05 updt_s:0.168 data_s:0.007
INFO 2026-09-08 09:45:31 ot_train.py:351 step:62K smpl:496K ep:760 epch:10.56 loss:0.091 grdn:6.037 lr:1.0e-05 updt_s:0.170 data_s:0.007
INFO 2026-09-08 09:46:16 ot_train.py:351 step:62K smpl:498K ep:763 epch:10.60 loss:0.093 grdn:6.244 lr:1.0e-05 updt_s:0.171 data_s:0.007
INFO 2026-09-08 09:47:01 ot_train.py:351 step:62K smpl:500K ep:767 epch:10.65 loss:0.092 grdn:6.128 lr:1.0e-05 updt_s:0.170 data_s:0.007
INFO 2026-09-08 09:47:45 ot_train.py:351 step:63K smpl:502K ep:770 epch:10.69 loss:0.092 grdn:6.083 lr:1.0e-05 updt_s:0.168 data_s:0.007
INFO 2026-09-08 09:48:29 ot_train.py:351 step:63K smpl:504K ep:773 epch:10.73 loss:0.092 grdn:6.211 lr:1.0e-05 updt_s:0.169 data_s:0.007
INFO 2026-09-08 09:49:13 ot_train.py:351 step:63K smpl:506K ep:776 epch:10.77 loss:0.091 grdn:6.030 lr:1.0e-05 updt_s:0.168 data_s:0.007
INFO 2026-09-08 09:49:57 ot_train.py:351 step:64K smpl:508K ep:779 epch:10.82 loss:0.090 grdn:6.161 lr:1.0e-05 updt_s:0.169 data_s:0.007
INFO 2026-09-08 09:50:41 ot_train.py:351 step:64K smpl:510K ep:782 epch:10.86 loss:0.093 grdn:6.442 lr:1.0e-05 updt_s:0.168 data_s:0.007
INFO 2026-09-08 09:51:25 ot_train.py:351 step:64K smpl:512K ep:785 epch:10.90 loss:0.092 grdn:6.273 lr:1.0e-05 updt_s:0.168 data_s:0.007
INFO 2026-09-08 09:52:09 ot_train.py:351 step:64K smpl:514K ep:788 epch:10.94 loss:0.091 grdn:6.172 lr:1.0e-05 updt_s:0.168 data_s:0.007
INFO 2026-09-08 09:52:53 ot_train.py:351 step:64K smpl:516K ep:791 epch:10.99 loss:0.091 grdn:6.071 lr:1.0e-05 updt_s:0.166 data_s:0.007
C:\Users\IamAr\miniconda3\envs\vla\lib\site-packages\torchvision\io\_video_deprecation_warning.py:5: UserWarning: The video decoding and encoding capabilities of torchvision are deprecated from version 0.22 and will be removed in version 0.24. We recommend that you migrate to TorchCodec, where we'll consolidate the future decoding/encoding capabilities of PyTorch: https://github.com/pytorch/torchcodec
  warnings.warn(
C:\Users\IamAr\miniconda3\envs\vla\lib\site-packages\torchvision\io\_video_deprecation_warning.py:5: UserWarning: The video decoding and encoding capabilities of torchvision are deprecated from version 0.22 and will be removed in version 0.24. We recommend that you migrate to TorchCodec, where we'll consolidate the future decoding/encoding capabilities of PyTorch: https://github.com/pytorch/torchcodec
  warnings.warn(
C:\Users\IamAr\miniconda3\envs\vla\lib\site-packages\torchvision\io\_video_deprecation_warning.py:5: UserWarning: The video decoding and encoding capabilities of torchvision are deprecated from version 0.22 and will be removed in version 0.24. We recommend that you migrate to TorchCodec, where we'll consolidate the future decoding/encoding capabilities of PyTorch: https://github.com/pytorch/torchcodec
  warnings.warn(
C:\Users\IamAr\miniconda3\envs\vla\lib\site-packages\torchvision\io\_video_deprecation_warning.py:5: UserWarning: The video decoding and encoding capabilities of torchvision are deprecated from version 0.22 and will be removed in version 0.24. We recommend that you migrate to TorchCodec, where we'll consolidate the future decoding/encoding capabilities of PyTorch: https://github.com/pytorch/torchcodec
  warnings.warn(
C:\Users\IamAr\miniconda3\envs\vla\lib\site-packages\torchvision\io\_video_deprecation_warning.py:5: UserWarning: The video decoding and encoding capabilities of torchvision are deprecated from version 0.22 and will be removed in version 0.24. We recommend that you migrate to TorchCodec, where we'll consolidate the future decoding/encoding capabilities of PyTorch: https://github.com/pytorch/torchcodec
  warnings.warn(
C:\Users\IamAr\miniconda3\envs\vla\lib\site-packages\torchvision\io\_video_deprecation_warning.py:5: UserWarning: The video decoding and encoding capabilities of torchvision are deprecated from version 0.22 and will be removed in version 0.24. We recommend that you migrate to TorchCodec, where we'll consolidate the future decoding/encoding capabilities of PyTorch: https://github.com/pytorch/torchcodec
  warnings.warn(
C:\Users\IamAr\miniconda3\envs\vla\lib\site-packages\torchvision\io\_video_deprecation_warning.py:5: UserWarning: The video decoding and encoding capabilities of torchvision are deprecated from version 0.22 and will be removed in version 0.24. We recommend that you migrate to TorchCodec, where we'll consolidate the future decoding/encoding capabilities of PyTorch: https://github.com/pytorch/torchcodec
  warnings.warn(
C:\Users\IamAr\miniconda3\envs\vla\lib\site-packages\torchvision\io\_video_deprecation_warning.py:5: UserWarning: The video decoding and encoding capabilities of torchvision are deprecated from version 0.22 and will be removed in version 0.24. We recommend that you migrate to TorchCodec, where we'll consolidate the future decoding/encoding capabilities of PyTorch: https://github.com/pytorch/torchcodec
  warnings.warn(
INFO 2026-09-08 09:53:50 ot_train.py:351 step:65K smpl:518K ep:794 epch:11.03 loss:0.090 grdn:6.237 lr:1.0e-05 updt_s:0.171 data_s:0.056
INFO 2026-09-08 09:54:34 ot_train.py:351 step:65K smpl:520K ep:797 epch:11.07 loss:0.089 grdn:6.063 lr:1.0e-05 updt_s:0.168 data_s:0.007
INFO 2026-09-08 09:55:18 ot_train.py:351 step:65K smpl:522K ep:800 epch:11.12 loss:0.089 grdn:6.130 lr:1.0e-05 updt_s:0.167 data_s:0.007
INFO 2026-09-08 09:56:01 ot_train.py:351 step:66K smpl:524K ep:803 epch:11.16 loss:0.090 grdn:6.179 lr:1.0e-05 updt_s:0.166 data_s:0.007
INFO 2026-09-08 09:56:45 ot_train.py:351 step:66K smpl:526K ep:806 epch:11.20 loss:0.090 grdn:6.259 lr:1.0e-05 updt_s:0.167 data_s:0.007
INFO 2026-09-08 09:57:28 ot_train.py:351 step:66K smpl:528K ep:809 epch:11.24 loss:0.090 grdn:6.031 lr:1.0e-05 updt_s:0.166 data_s:0.007
INFO 2026-09-08 09:58:12 ot_train.py:351 step:66K smpl:530K ep:813 epch:11.29 loss:0.090 grdn:5.891 lr:1.0e-05 updt_s:0.168 data_s:0.007
INFO 2026-09-08 09:58:56 ot_train.py:351 step:66K smpl:532K ep:816 epch:11.33 loss:0.088 grdn:5.986 lr:1.0e-05 updt_s:0.166 data_s:0.007
INFO 2026-09-08 09:59:39 ot_train.py:351 step:67K smpl:534K ep:819 epch:11.37 loss:0.089 grdn:6.083 lr:1.0e-05 updt_s:0.166 data_s:0.007
INFO 2026-09-08 10:00:23 ot_train.py:351 step:67K smpl:536K ep:822 epch:11.41 loss:0.088 grdn:6.078 lr:1.0e-05 updt_s:0.165 data_s:0.007
INFO 2026-09-08 10:01:06 ot_train.py:351 step:67K smpl:538K ep:825 epch:11.46 loss:0.087 grdn:5.889 lr:1.0e-05 updt_s:0.167 data_s:0.007
INFO 2026-09-08 10:01:50 ot_train.py:351 step:68K smpl:540K ep:828 epch:11.50 loss:0.088 grdn:6.043 lr:1.0e-05 updt_s:0.166 data_s:0.007
INFO 2026-09-08 10:02:33 ot_train.py:351 step:68K smpl:542K ep:831 epch:11.54 loss:0.090 grdn:6.240 lr:1.0e-05 updt_s:0.165 data_s:0.007
INFO 2026-09-08 10:03:17 ot_train.py:351 step:68K smpl:544K ep:834 epch:11.58 loss:0.089 grdn:6.078 lr:1.0e-05 updt_s:0.166 data_s:0.007
INFO 2026-09-08 10:04:00 ot_train.py:351 step:68K smpl:546K ep:837 epch:11.63 loss:0.088 grdn:5.967 lr:1.0e-05 updt_s:0.166 data_s:0.007
INFO 2026-09-08 10:04:44 ot_train.py:351 step:68K smpl:548K ep:840 epch:11.67 loss:0.087 grdn:6.224 lr:1.0e-05 updt_s:0.165 data_s:0.007
INFO 2026-09-08 10:05:27 ot_train.py:351 step:69K smpl:550K ep:843 epch:11.71 loss:0.091 grdn:6.134 lr:1.0e-05 updt_s:0.165 data_s:0.007
INFO 2026-09-08 10:06:11 ot_train.py:351 step:69K smpl:552K ep:846 epch:11.75 loss:0.087 grdn:6.045 lr:1.0e-05 updt_s:0.166 data_s:0.007
INFO 2026-09-08 10:06:54 ot_train.py:351 step:69K smpl:554K ep:849 epch:11.80 loss:0.089 grdn:6.130 lr:1.0e-05 updt_s:0.166 data_s:0.007
INFO 2026-09-08 10:07:38 ot_train.py:351 step:70K smpl:556K ep:852 epch:11.84 loss:0.089 grdn:6.040 lr:1.0e-05 updt_s:0.166 data_s:0.007
INFO 2026-09-08 10:08:21 ot_train.py:351 step:70K smpl:558K ep:855 epch:11.88 loss:0.088 grdn:5.847 lr:1.0e-05 updt_s:0.166 data_s:0.007
INFO 2026-09-08 10:09:05 ot_train.py:351 step:70K smpl:560K ep:859 epch:11.92 loss:0.087 grdn:5.814 lr:1.0e-05 updt_s:0.165 data_s:0.007
INFO 2026-09-08 10:09:05 ot_train.py:361 Checkpoint policy after step 70000
INFO 2026-09-08 10:09:50 ot_train.py:351 step:70K smpl:562K ep:862 epch:11.97 loss:0.087 grdn:5.921 lr:1.0e-05 updt_s:0.168 data_s:0.007
C:\Users\IamAr\miniconda3\envs\vla\lib\site-packages\torchvision\io\_video_deprecation_warning.py:5: UserWarning: The video decoding and encoding capabilities of torchvision are deprecated from version 0.22 and will be removed in version 0.24. We recommend that you migrate to TorchCodec, where we'll consolidate the future decoding/encoding capabilities of PyTorch: https://github.com/pytorch/torchcodec
  warnings.warn(
C:\Users\IamAr\miniconda3\envs\vla\lib\site-packages\torchvision\io\_video_deprecation_warning.py:5: UserWarning: The video decoding and encoding capabilities of torchvision are deprecated from version 0.22 and will be removed in version 0.24. We recommend that you migrate to TorchCodec, where we'll consolidate the future decoding/encoding capabilities of PyTorch: https://github.com/pytorch/torchcodec
  warnings.warn(
C:\Users\IamAr\miniconda3\envs\vla\lib\site-packages\torchvision\io\_video_deprecation_warning.py:5: UserWarning: The video decoding and encoding capabilities of torchvision are deprecated from version 0.22 and will be removed in version 0.24. We recommend that you migrate to TorchCodec, where we'll consolidate the future decoding/encoding capabilities of PyTorch: https://github.com/pytorch/torchcodec
  warnings.warn(
C:\Users\IamAr\miniconda3\envs\vla\lib\site-packages\torchvision\io\_video_deprecation_warning.py:5: UserWarning: The video decoding and encoding capabilities of torchvision are deprecated from version 0.22 and will be removed in version 0.24. We recommend that you migrate to TorchCodec, where we'll consolidate the future decoding/encoding capabilities of PyTorch: https://github.com/pytorch/torchcodec
  warnings.warn(
C:\Users\IamAr\miniconda3\envs\vla\lib\site-packages\torchvision\io\_video_deprecation_warning.py:5: UserWarning: The video decoding and encoding capabilities of torchvision are deprecated from version 0.22 and will be removed in version 0.24. We recommend that you migrate to TorchCodec, where we'll consolidate the future decoding/encoding capabilities of PyTorch: https://github.com/pytorch/torchcodec
  warnings.warn(
C:\Users\IamAr\miniconda3\envs\vla\lib\site-packages\torchvision\io\_video_deprecation_warning.py:5: UserWarning: The video decoding and encoding capabilities of torchvision are deprecated from version 0.22 and will be removed in version 0.24. We recommend that you migrate to TorchCodec, where we'll consolidate the future decoding/encoding capabilities of PyTorch: https://github.com/pytorch/torchcodec
  warnings.warn(
C:\Users\IamAr\miniconda3\envs\vla\lib\site-packages\torchvision\io\_video_deprecation_warning.py:5: UserWarning: The video decoding and encoding capabilities of torchvision are deprecated from version 0.22 and will be removed in version 0.24. We recommend that you migrate to TorchCodec, where we'll consolidate the future decoding/encoding capabilities of PyTorch: https://github.com/pytorch/torchcodec
  warnings.warn(
C:\Users\IamAr\miniconda3\envs\vla\lib\site-packages\torchvision\io\_video_deprecation_warning.py:5: UserWarning: The video decoding and encoding capabilities of torchvision are deprecated from version 0.22 and will be removed in version 0.24. We recommend that you migrate to TorchCodec, where we'll consolidate the future decoding/encoding capabilities of PyTorch: https://github.com/pytorch/torchcodec
  warnings.warn(
INFO 2026-09-08 10:10:47 ot_train.py:351 step:70K smpl:564K ep:865 epch:12.01 loss:0.087 grdn:5.977 lr:1.0e-05 updt_s:0.170 data_s:0.055
INFO 2026-09-08 10:11:31 ot_train.py:351 step:71K smpl:566K ep:868 epch:12.05 loss:0.087 grdn:6.259 lr:1.0e-05 updt_s:0.168 data_s:0.007
INFO 2026-09-08 10:12:14 ot_train.py:351 step:71K smpl:568K ep:871 epch:12.09 loss:0.086 grdn:5.926 lr:1.0e-05 updt_s:0.166 data_s:0.007
INFO 2026-09-08 10:12:59 ot_train.py:351 step:71K smpl:570K ep:874 epch:12.14 loss:0.087 grdn:5.967 lr:1.0e-05 updt_s:0.170 data_s:0.007
INFO 2026-09-08 10:13:44 ot_train.py:351 step:72K smpl:572K ep:877 epch:12.18 loss:0.086 grdn:5.730 lr:1.0e-05 updt_s:0.174 data_s:0.007
INFO 2026-09-08 10:14:29 ot_train.py:351 step:72K smpl:574K ep:880 epch:12.22 loss:0.083 grdn:5.941 lr:1.0e-05 updt_s:0.170 data_s:0.007
INFO 2026-09-08 10:15:13 ot_train.py:351 step:72K smpl:576K ep:883 epch:12.26 loss:0.085 grdn:5.853 lr:1.0e-05 updt_s:0.168 data_s:0.007
INFO 2026-09-08 10:15:57 ot_train.py:351 step:72K smpl:578K ep:886 epch:12.31 loss:0.086 grdn:5.923 lr:1.0e-05 updt_s:0.168 data_s:0.007
INFO 2026-09-08 10:16:41 ot_train.py:351 step:72K smpl:580K ep:889 epch:12.35 loss:0.087 grdn:5.858 lr:1.0e-05 updt_s:0.168 data_s:0.007
INFO 2026-09-08 10:17:25 ot_train.py:351 step:73K smpl:582K ep:892 epch:12.39 loss:0.085 grdn:5.851 lr:1.0e-05 updt_s:0.168 data_s:0.007
INFO 2026-09-08 10:18:09 ot_train.py:351 step:73K smpl:584K ep:895 epch:12.44 loss:0.086 grdn:5.785 lr:1.0e-05 updt_s:0.167 data_s:0.007
INFO 2026-09-08 10:18:53 ot_train.py:351 step:73K smpl:586K ep:898 epch:12.48 loss:0.087 grdn:5.945 lr:1.0e-05 updt_s:0.169 data_s:0.007
INFO 2026-09-08 10:19:40 ot_train.py:351 step:74K smpl:588K ep:901 epch:12.52 loss:0.085 grdn:5.778 lr:1.0e-05 updt_s:0.178 data_s:0.007
INFO 2026-09-08 10:20:24 ot_train.py:351 step:74K smpl:590K ep:905 epch:12.56 loss:0.085 grdn:5.769 lr:1.0e-05 updt_s:0.166 data_s:0.007
INFO 2026-09-08 10:21:07 ot_train.py:351 step:74K smpl:592K ep:908 epch:12.61 loss:0.086 grdn:5.988 lr:1.0e-05 updt_s:0.166 data_s:0.007
INFO 2026-09-08 10:21:51 ot_train.py:351 step:74K smpl:594K ep:911 epch:12.65 loss:0.085 grdn:6.037 lr:1.0e-05 updt_s:0.166 data_s:0.007
INFO 2026-09-08 10:22:34 ot_train.py:351 step:74K smpl:596K ep:914 epch:12.69 loss:0.085 grdn:5.804 lr:1.0e-05 updt_s:0.166 data_s:0.007
INFO 2026-09-08 10:23:18 ot_train.py:351 step:75K smpl:598K ep:917 epch:12.73 loss:0.084 grdn:5.610 lr:1.0e-05 updt_s:0.166 data_s:0.007
INFO 2026-09-08 10:24:01 ot_train.py:351 step:75K smpl:600K ep:920 epch:12.78 loss:0.086 grdn:6.081 lr:1.0e-05 updt_s:0.165 data_s:0.007
INFO 2026-09-08 10:24:45 ot_train.py:351 step:75K smpl:602K ep:923 epch:12.82 loss:0.085 grdn:5.739 lr:1.0e-05 updt_s:0.166 data_s:0.007
INFO 2026-09-08 10:25:28 ot_train.py:351 step:76K smpl:604K ep:926 epch:12.86 loss:0.084 grdn:5.813 lr:1.0e-05 updt_s:0.167 data_s:0.007
INFO 2026-09-08 10:26:12 ot_train.py:351 step:76K smpl:606K ep:929 epch:12.90 loss:0.084 grdn:5.804 lr:1.0e-05 updt_s:0.166 data_s:0.007
INFO 2026-09-08 10:26:55 ot_train.py:351 step:76K smpl:608K ep:932 epch:12.95 loss:0.084 grdn:5.728 lr:1.0e-05 updt_s:0.165 data_s:0.007
INFO 2026-09-08 10:27:39 ot_train.py:351 step:76K smpl:610K ep:935 epch:12.99 loss:0.083 grdn:5.820 lr:1.0e-05 updt_s:0.166 data_s:0.007
C:\Users\IamAr\miniconda3\envs\vla\lib\site-packages\torchvision\io\_video_deprecation_warning.py:5: UserWarning: The video decoding and encoding capabilities of torchvision are deprecated from version 0.22 and will be removed in version 0.24. We recommend that you migrate to TorchCodec, where we'll consolidate the future decoding/encoding capabilities of PyTorch: https://github.com/pytorch/torchcodec
  warnings.warn(
C:\Users\IamAr\miniconda3\envs\vla\lib\site-packages\torchvision\io\_video_deprecation_warning.py:5: UserWarning: The video decoding and encoding capabilities of torchvision are deprecated from version 0.22 and will be removed in version 0.24. We recommend that you migrate to TorchCodec, where we'll consolidate the future decoding/encoding capabilities of PyTorch: https://github.com/pytorch/torchcodec
  warnings.warn(
C:\Users\IamAr\miniconda3\envs\vla\lib\site-packages\torchvision\io\_video_deprecation_warning.py:5: UserWarning: The video decoding and encoding capabilities of torchvision are deprecated from version 0.22 and will be removed in version 0.24. We recommend that you migrate to TorchCodec, where we'll consolidate the future decoding/encoding capabilities of PyTorch: https://github.com/pytorch/torchcodec
  warnings.warn(
C:\Users\IamAr\miniconda3\envs\vla\lib\site-packages\torchvision\io\_video_deprecation_warning.py:5: UserWarning: The video decoding and encoding capabilities of torchvision are deprecated from version 0.22 and will be removed in version 0.24. We recommend that you migrate to TorchCodec, where we'll consolidate the future decoding/encoding capabilities of PyTorch: https://github.com/pytorch/torchcodec
  warnings.warn(
C:\Users\IamAr\miniconda3\envs\vla\lib\site-packages\torchvision\io\_video_deprecation_warning.py:5: UserWarning: The video decoding and encoding capabilities of torchvision are deprecated from version 0.22 and will be removed in version 0.24. We recommend that you migrate to TorchCodec, where we'll consolidate the future decoding/encoding capabilities of PyTorch: https://github.com/pytorch/torchcodec
  warnings.warn(
C:\Users\IamAr\miniconda3\envs\vla\lib\site-packages\torchvision\io\_video_deprecation_warning.py:5: UserWarning: The video decoding and encoding capabilities of torchvision are deprecated from version 0.22 and will be removed in version 0.24. We recommend that you migrate to TorchCodec, where we'll consolidate the future decoding/encoding capabilities of PyTorch: https://github.com/pytorch/torchcodec
  warnings.warn(
C:\Users\IamAr\miniconda3\envs\vla\lib\site-packages\torchvision\io\_video_deprecation_warning.py:5: UserWarning: The video decoding and encoding capabilities of torchvision are deprecated from version 0.22 and will be removed in version 0.24. We recommend that you migrate to TorchCodec, where we'll consolidate the future decoding/encoding capabilities of PyTorch: https://github.com/pytorch/torchcodec
  warnings.warn(
C:\Users\IamAr\miniconda3\envs\vla\lib\site-packages\torchvision\io\_video_deprecation_warning.py:5: UserWarning: The video decoding and encoding capabilities of torchvision are deprecated from version 0.22 and will be removed in version 0.24. We recommend that you migrate to TorchCodec, where we'll consolidate the future decoding/encoding capabilities of PyTorch: https://github.com/pytorch/torchcodec
  warnings.warn(
INFO 2026-09-08 10:28:35 ot_train.py:351 step:76K smpl:612K ep:938 epch:13.03 loss:0.084 grdn:5.948 lr:1.0e-05 updt_s:0.170 data_s:0.056
INFO 2026-09-08 10:29:19 ot_train.py:351 step:77K smpl:614K ep:941 epch:13.07 loss:0.083 grdn:5.660 lr:1.0e-05 updt_s:0.167 data_s:0.007
INFO 2026-09-08 10:30:03 ot_train.py:351 step:77K smpl:616K ep:944 epch:13.12 loss:0.081 grdn:5.576 lr:1.0e-05 updt_s:0.167 data_s:0.007
INFO 2026-09-08 10:30:47 ot_train.py:351 step:77K smpl:618K ep:947 epch:13.16 loss:0.083 grdn:5.748 lr:1.0e-05 updt_s:0.167 data_s:0.007
INFO 2026-09-08 10:31:31 ot_train.py:351 step:78K smpl:620K ep:951 epch:13.20 loss:0.083 grdn:5.703 lr:1.0e-05 updt_s:0.167 data_s:0.007
INFO 2026-09-08 10:32:14 ot_train.py:351 step:78K smpl:622K ep:954 epch:13.24 loss:0.083 grdn:5.836 lr:1.0e-05 updt_s:0.167 data_s:0.007
INFO 2026-09-08 10:32:58 ot_train.py:351 step:78K smpl:624K ep:957 epch:13.29 loss:0.084 grdn:5.825 lr:1.0e-05 updt_s:0.166 data_s:0.007
INFO 2026-09-08 10:33:41 ot_train.py:351 step:78K smpl:626K ep:960 epch:13.33 loss:0.081 grdn:5.687 lr:1.0e-05 updt_s:0.166 data_s:0.007
INFO 2026-09-08 10:34:25 ot_train.py:351 step:78K smpl:628K ep:963 epch:13.37 loss:0.084 grdn:5.927 lr:1.0e-05 updt_s:0.168 data_s:0.007
INFO 2026-09-08 10:35:09 ot_train.py:351 step:79K smpl:630K ep:966 epch:13.41 loss:0.083 grdn:5.655 lr:1.0e-05 updt_s:0.166 data_s:0.007
INFO 2026-09-08 10:35:53 ot_train.py:351 step:79K smpl:632K ep:969 epch:13.46 loss:0.083 grdn:5.784 lr:1.0e-05 updt_s:0.166 data_s:0.007
INFO 2026-09-08 10:36:36 ot_train.py:351 step:79K smpl:634K ep:972 epch:13.50 loss:0.081 grdn:5.627 lr:1.0e-05 updt_s:0.166 data_s:0.007
INFO 2026-09-08 10:37:20 ot_train.py:351 step:80K smpl:636K ep:975 epch:13.54 loss:0.082 grdn:5.658 lr:1.0e-05 updt_s:0.166 data_s:0.007
INFO 2026-09-08 10:38:03 ot_train.py:351 step:80K smpl:638K ep:978 epch:13.59 loss:0.082 grdn:5.694 lr:1.0e-05 updt_s:0.167 data_s:0.007
INFO 2026-09-08 10:38:47 ot_train.py:351 step:80K smpl:640K ep:981 epch:13.63 loss:0.083 grdn:5.642 lr:1.0e-05 updt_s:0.167 data_s:0.007
INFO 2026-09-08 10:38:47 ot_train.py:361 Checkpoint policy after step 80000
INFO 2026-09-08 10:39:33 ot_train.py:351 step:80K smpl:642K ep:984 epch:13.67 loss:0.081 grdn:5.679 lr:1.0e-05 updt_s:0.169 data_s:0.007
INFO 2026-09-08 10:40:16 ot_train.py:351 step:80K smpl:644K ep:987 epch:13.71 loss:0.082 grdn:5.533 lr:1.0e-05 updt_s:0.166 data_s:0.007
INFO 2026-09-08 10:41:00 ot_train.py:351 step:81K smpl:646K ep:990 epch:13.76 loss:0.083 grdn:5.809 lr:1.0e-05 updt_s:0.167 data_s:0.007
INFO 2026-09-08 10:41:44 ot_train.py:351 step:81K smpl:648K ep:993 epch:13.80 loss:0.081 grdn:5.671 lr:1.0e-05 updt_s:0.166 data_s:0.007
INFO 2026-09-08 10:42:27 ot_train.py:351 step:81K smpl:650K ep:997 epch:13.84 loss:0.082 grdn:5.683 lr:1.0e-05 updt_s:0.166 data_s:0.007
INFO 2026-09-08 10:43:11 ot_train.py:351 step:82K smpl:652K ep:1000 epch:13.88 loss:0.081 grdn:5.676 lr:1.0e-05 updt_s:0.166 data_s:0.007
INFO 2026-09-08 10:43:55 ot_train.py:351 step:82K smpl:654K ep:1K epch:13.93 loss:0.081 grdn:5.507 lr:1.0e-05 updt_s:0.167 data_s:0.007
INFO 2026-09-08 10:44:38 ot_train.py:351 step:82K smpl:656K ep:1K epch:13.97 loss:0.079 grdn:5.470 lr:1.0e-05 updt_s:0.166 data_s:0.007
C:\Users\IamAr\miniconda3\envs\vla\lib\site-packages\torchvision\io\_video_deprecation_warning.py:5: UserWarning: The video decoding and encoding capabilities of torchvision are deprecated from version 0.22 and will be removed in version 0.24. We recommend that you migrate to TorchCodec, where we'll consolidate the future decoding/encoding capabilities of PyTorch: https://github.com/pytorch/torchcodec
  warnings.warn(
C:\Users\IamAr\miniconda3\envs\vla\lib\site-packages\torchvision\io\_video_deprecation_warning.py:5: UserWarning: The video decoding and encoding capabilities of torchvision are deprecated from version 0.22 and will be removed in version 0.24. We recommend that you migrate to TorchCodec, where we'll consolidate the future decoding/encoding capabilities of PyTorch: https://github.com/pytorch/torchcodec
  warnings.warn(
C:\Users\IamAr\miniconda3\envs\vla\lib\site-packages\torchvision\io\_video_deprecation_warning.py:5: UserWarning: The video decoding and encoding capabilities of torchvision are deprecated from version 0.22 and will be removed in version 0.24. We recommend that you migrate to TorchCodec, where we'll consolidate the future decoding/encoding capabilities of PyTorch: https://github.com/pytorch/torchcodec
  warnings.warn(
C:\Users\IamAr\miniconda3\envs\vla\lib\site-packages\torchvision\io\_video_deprecation_warning.py:5: UserWarning: The video decoding and encoding capabilities of torchvision are deprecated from version 0.22 and will be removed in version 0.24. We recommend that you migrate to TorchCodec, where we'll consolidate the future decoding/encoding capabilities of PyTorch: https://github.com/pytorch/torchcodec
  warnings.warn(
C:\Users\IamAr\miniconda3\envs\vla\lib\site-packages\torchvision\io\_video_deprecation_warning.py:5: UserWarning: The video decoding and encoding capabilities of torchvision are deprecated from version 0.22 and will be removed in version 0.24. We recommend that you migrate to TorchCodec, where we'll consolidate the future decoding/encoding capabilities of PyTorch: https://github.com/pytorch/torchcodec
  warnings.warn(
C:\Users\IamAr\miniconda3\envs\vla\lib\site-packages\torchvision\io\_video_deprecation_warning.py:5: UserWarning: The video decoding and encoding capabilities of torchvision are deprecated from version 0.22 and will be removed in version 0.24. We recommend that you migrate to TorchCodec, where we'll consolidate the future decoding/encoding capabilities of PyTorch: https://github.com/pytorch/torchcodec
  warnings.warn(
C:\Users\IamAr\miniconda3\envs\vla\lib\site-packages\torchvision\io\_video_deprecation_warning.py:5: UserWarning: The video decoding and encoding capabilities of torchvision are deprecated from version 0.22 and will be removed in version 0.24. We recommend that you migrate to TorchCodec, where we'll consolidate the future decoding/encoding capabilities of PyTorch: https://github.com/pytorch/torchcodec
  warnings.warn(
C:\Users\IamAr\miniconda3\envs\vla\lib\site-packages\torchvision\io\_video_deprecation_warning.py:5: UserWarning: The video decoding and encoding capabilities of torchvision are deprecated from version 0.22 and will be removed in version 0.24. We recommend that you migrate to TorchCodec, where we'll consolidate the future decoding/encoding capabilities of PyTorch: https://github.com/pytorch/torchcodec
  warnings.warn(
INFO 2026-09-08 10:45:35 ot_train.py:351 step:82K smpl:658K ep:1K epch:14.01 loss:0.081 grdn:5.684 lr:1.0e-05 updt_s:0.170 data_s:0.056
INFO 2026-09-08 10:46:19 ot_train.py:351 step:82K smpl:660K ep:1K epch:14.05 loss:0.081 grdn:5.600 lr:1.0e-05 updt_s:0.168 data_s:0.007
INFO 2026-09-08 10:47:03 ot_train.py:351 step:83K smpl:662K ep:1K epch:14.10 loss:0.080 grdn:5.514 lr:1.0e-05 updt_s:0.168 data_s:0.007
INFO 2026-09-08 10:47:47 ot_train.py:351 step:83K smpl:664K ep:1K epch:14.14 loss:0.081 grdn:5.565 lr:1.0e-05 updt_s:0.166 data_s:0.007
INFO 2026-09-08 10:48:30 ot_train.py:351 step:83K smpl:666K ep:1K epch:14.18 loss:0.080 grdn:5.538 lr:1.0e-05 updt_s:0.166 data_s:0.007
INFO 2026-09-08 10:49:14 ot_train.py:351 step:84K smpl:668K ep:1K epch:14.22 loss:0.082 grdn:5.553 lr:1.0e-05 updt_s:0.167 data_s:0.007
INFO 2026-09-08 10:49:58 ot_train.py:351 step:84K smpl:670K ep:1K epch:14.27 loss:0.079 grdn:5.430 lr:1.0e-05 updt_s:0.168 data_s:0.007
INFO 2026-09-08 10:50:42 ot_train.py:351 step:84K smpl:672K ep:1K epch:14.31 loss:0.081 grdn:5.582 lr:1.0e-05 updt_s:0.167 data_s:0.007
INFO 2026-09-08 10:51:26 ot_train.py:351 step:84K smpl:674K ep:1K epch:14.35 loss:0.079 grdn:5.424 lr:1.0e-05 updt_s:0.167 data_s:0.007
INFO 2026-09-08 10:52:09 ot_train.py:351 step:84K smpl:676K ep:1K epch:14.39 loss:0.079 grdn:5.404 lr:1.0e-05 updt_s:0.167 data_s:0.007
INFO 2026-09-08 10:52:53 ot_train.py:351 step:85K smpl:678K ep:1K epch:14.44 loss:0.079 grdn:5.480 lr:1.0e-05 updt_s:0.166 data_s:0.007
INFO 2026-09-08 10:53:37 ot_train.py:351 step:85K smpl:680K ep:1K epch:14.48 loss:0.080 grdn:5.607 lr:1.0e-05 updt_s:0.168 data_s:0.007
INFO 2026-09-08 10:54:20 ot_train.py:351 step:85K smpl:682K ep:1K epch:14.52 loss:0.079 grdn:5.493 lr:1.0e-05 updt_s:0.166 data_s:0.007
INFO 2026-09-08 10:55:04 ot_train.py:351 step:86K smpl:684K ep:1K epch:14.56 loss:0.080 grdn:5.533 lr:1.0e-05 updt_s:0.166 data_s:0.007
INFO 2026-09-08 10:55:48 ot_train.py:351 step:86K smpl:686K ep:1K epch:14.61 loss:0.079 grdn:5.479 lr:1.0e-05 updt_s:0.166 data_s:0.007
INFO 2026-09-08 10:56:32 ot_train.py:351 step:86K smpl:688K ep:1K epch:14.65 loss:0.079 grdn:5.559 lr:1.0e-05 updt_s:0.168 data_s:0.007
INFO 2026-09-08 10:57:15 ot_train.py:351 step:86K smpl:690K ep:1K epch:14.69 loss:0.079 grdn:5.502 lr:1.0e-05 updt_s:0.166 data_s:0.007
INFO 2026-09-08 10:57:59 ot_train.py:351 step:86K smpl:692K ep:1K epch:14.74 loss:0.079 grdn:5.534 lr:1.0e-05 updt_s:0.166 data_s:0.007
INFO 2026-09-08 10:58:43 ot_train.py:351 step:87K smpl:694K ep:1K epch:14.78 loss:0.079 grdn:5.406 lr:1.0e-05 updt_s:0.167 data_s:0.007
INFO 2026-09-08 10:59:26 ot_train.py:351 step:87K smpl:696K ep:1K epch:14.82 loss:0.077 grdn:5.387 lr:1.0e-05 updt_s:0.166 data_s:0.007
INFO 2026-09-08 11:00:10 ot_train.py:351 step:87K smpl:698K ep:1K epch:14.86 loss:0.079 grdn:5.234 lr:1.0e-05 updt_s:0.168 data_s:0.007
INFO 2026-09-08 11:00:54 ot_train.py:351 step:88K smpl:700K ep:1K epch:14.91 loss:0.078 grdn:5.512 lr:1.0e-05 updt_s:0.166 data_s:0.007
INFO 2026-09-08 11:01:38 ot_train.py:351 step:88K smpl:702K ep:1K epch:14.95 loss:0.078 grdn:5.364 lr:1.0e-05 updt_s:0.167 data_s:0.007
INFO 2026-09-08 11:02:21 ot_train.py:351 step:88K smpl:704K ep:1K epch:14.99 loss:0.080 grdn:5.613 lr:1.0e-05 updt_s:0.166 data_s:0.007
C:\Users\IamAr\miniconda3\envs\vla\lib\site-packages\torchvision\io\_video_deprecation_warning.py:5: UserWarning: The video decoding and encoding capabilities of torchvision are deprecated from version 0.22 and will be removed in version 0.24. We recommend that you migrate to TorchCodec, where we'll consolidate the future decoding/encoding capabilities of PyTorch: https://github.com/pytorch/torchcodec
  warnings.warn(
C:\Users\IamAr\miniconda3\envs\vla\lib\site-packages\torchvision\io\_video_deprecation_warning.py:5: UserWarning: The video decoding and encoding capabilities of torchvision are deprecated from version 0.22 and will be removed in version 0.24. We recommend that you migrate to TorchCodec, where we'll consolidate the future decoding/encoding capabilities of PyTorch: https://github.com/pytorch/torchcodec
  warnings.warn(
C:\Users\IamAr\miniconda3\envs\vla\lib\site-packages\torchvision\io\_video_deprecation_warning.py:5: UserWarning: The video decoding and encoding capabilities of torchvision are deprecated from version 0.22 and will be removed in version 0.24. We recommend that you migrate to TorchCodec, where we'll consolidate the future decoding/encoding capabilities of PyTorch: https://github.com/pytorch/torchcodec
  warnings.warn(
C:\Users\IamAr\miniconda3\envs\vla\lib\site-packages\torchvision\io\_video_deprecation_warning.py:5: UserWarning: The video decoding and encoding capabilities of torchvision are deprecated from version 0.22 and will be removed in version 0.24. We recommend that you migrate to TorchCodec, where we'll consolidate the future decoding/encoding capabilities of PyTorch: https://github.com/pytorch/torchcodec
  warnings.warn(
C:\Users\IamAr\miniconda3\envs\vla\lib\site-packages\torchvision\io\_video_deprecation_warning.py:5: UserWarning: The video decoding and encoding capabilities of torchvision are deprecated from version 0.22 and will be removed in version 0.24. We recommend that you migrate to TorchCodec, where we'll consolidate the future decoding/encoding capabilities of PyTorch: https://github.com/pytorch/torchcodec
  warnings.warn(
C:\Users\IamAr\miniconda3\envs\vla\lib\site-packages\torchvision\io\_video_deprecation_warning.py:5: UserWarning: The video decoding and encoding capabilities of torchvision are deprecated from version 0.22 and will be removed in version 0.24. We recommend that you migrate to TorchCodec, where we'll consolidate the future decoding/encoding capabilities of PyTorch: https://github.com/pytorch/torchcodec
  warnings.warn(
C:\Users\IamAr\miniconda3\envs\vla\lib\site-packages\torchvision\io\_video_deprecation_warning.py:5: UserWarning: The video decoding and encoding capabilities of torchvision are deprecated from version 0.22 and will be removed in version 0.24. We recommend that you migrate to TorchCodec, where we'll consolidate the future decoding/encoding capabilities of PyTorch: https://github.com/pytorch/torchcodec
  warnings.warn(
C:\Users\IamAr\miniconda3\envs\vla\lib\site-packages\torchvision\io\_video_deprecation_warning.py:5: UserWarning: The video decoding and encoding capabilities of torchvision are deprecated from version 0.22 and will be removed in version 0.24. We recommend that you migrate to TorchCodec, where we'll consolidate the future decoding/encoding capabilities of PyTorch: https://github.com/pytorch/torchcodec
  warnings.warn(
INFO 2026-09-08 11:03:18 ot_train.py:351 step:88K smpl:706K ep:1K epch:15.03 loss:0.077 grdn:5.348 lr:1.0e-05 updt_s:0.170 data_s:0.056
INFO 2026-09-08 11:04:02 ot_train.py:351 step:88K smpl:708K ep:1K epch:15.08 loss:0.077 grdn:5.442 lr:1.0e-05 updt_s:0.167 data_s:0.007
INFO 2026-09-08 11:04:47 ot_train.py:351 step:89K smpl:710K ep:1K epch:15.12 loss:0.077 grdn:5.578 lr:1.0e-05 updt_s:0.172 data_s:0.007
INFO 2026-09-08 11:05:34 ot_train.py:351 step:89K smpl:712K ep:1K epch:15.16 loss:0.077 grdn:5.357 lr:1.0e-05 updt_s:0.177 data_s:0.007
INFO 2026-09-08 11:06:20 ot_train.py:351 step:89K smpl:714K ep:1K epch:15.20 loss:0.078 grdn:5.399 lr:1.0e-05 updt_s:0.177 data_s:0.008
INFO 2026-09-08 11:07:07 ot_train.py:351 step:90K smpl:716K ep:1K epch:15.25 loss:0.077 grdn:5.335 lr:1.0e-05 updt_s:0.178 data_s:0.007
INFO 2026-09-08 11:07:53 ot_train.py:351 step:90K smpl:718K ep:1K epch:15.29 loss:0.076 grdn:5.213 lr:1.0e-05 updt_s:0.178 data_s:0.007
INFO 2026-09-08 11:08:40 ot_train.py:351 step:90K smpl:720K ep:1K epch:15.33 loss:0.077 grdn:5.446 lr:1.0e-05 updt_s:0.178 data_s:0.007
INFO 2026-09-08 11:08:40 ot_train.py:361 Checkpoint policy after step 90000
INFO 2026-09-08 11:09:28 ot_train.py:351 step:90K smpl:722K ep:1K epch:15.37 loss:0.076 grdn:5.205 lr:1.0e-05 updt_s:0.176 data_s:0.008
INFO 2026-09-08 11:10:13 ot_train.py:351 step:90K smpl:724K ep:1K epch:15.42 loss:0.079 grdn:5.460 lr:1.0e-05 updt_s:0.172 data_s:0.007
INFO 2026-09-08 11:10:57 ot_train.py:351 step:91K smpl:726K ep:1K epch:15.46 loss:0.077 grdn:5.278 lr:1.0e-05 updt_s:0.170 data_s:0.007
INFO 2026-09-08 11:11:41 ot_train.py:351 step:91K smpl:728K ep:1K epch:15.50 loss:0.078 grdn:5.369 lr:1.0e-05 updt_s:0.166 data_s:0.007
INFO 2026-09-08 11:12:25 ot_train.py:351 step:91K smpl:730K ep:1K epch:15.54 loss:0.078 grdn:5.434 lr:1.0e-05 updt_s:0.167 data_s:0.007
INFO 2026-09-08 11:13:08 ot_train.py:351 step:92K smpl:732K ep:1K epch:15.59 loss:0.077 grdn:5.605 lr:1.0e-05 updt_s:0.166 data_s:0.007
INFO 2026-09-08 11:13:52 ot_train.py:351 step:92K smpl:734K ep:1K epch:15.63 loss:0.077 grdn:5.499 lr:1.0e-05 updt_s:0.166 data_s:0.007
INFO 2026-09-08 11:14:35 ot_train.py:351 step:92K smpl:736K ep:1K epch:15.67 loss:0.077 grdn:5.362 lr:1.0e-05 updt_s:0.166 data_s:0.007
INFO 2026-09-08 11:15:19 ot_train.py:351 step:92K smpl:738K ep:1K epch:15.71 loss:0.078 grdn:5.379 lr:1.0e-05 updt_s:0.166 data_s:0.007
INFO 2026-09-08 11:16:03 ot_train.py:351 step:92K smpl:740K ep:1K epch:15.76 loss:0.075 grdn:5.237 lr:1.0e-05 updt_s:0.167 data_s:0.007
INFO 2026-09-08 11:16:46 ot_train.py:351 step:93K smpl:742K ep:1K epch:15.80 loss:0.076 grdn:5.366 lr:1.0e-05 updt_s:0.166 data_s:0.007
INFO 2026-09-08 11:17:30 ot_train.py:351 step:93K smpl:744K ep:1K epch:15.84 loss:0.076 grdn:5.323 lr:1.0e-05 updt_s:0.166 data_s:0.007
INFO 2026-09-08 11:18:13 ot_train.py:351 step:93K smpl:746K ep:1K epch:15.88 loss:0.076 grdn:5.395 lr:1.0e-05 updt_s:0.166 data_s:0.007
INFO 2026-09-08 11:18:57 ot_train.py:351 step:94K smpl:748K ep:1K epch:15.93 loss:0.076 grdn:5.303 lr:1.0e-05 updt_s:0.167 data_s:0.007
INFO 2026-09-08 11:19:41 ot_train.py:351 step:94K smpl:750K ep:1K epch:15.97 loss:0.075 grdn:5.214 lr:1.0e-05 updt_s:0.166 data_s:0.007
C:\Users\IamAr\miniconda3\envs\vla\lib\site-packages\torchvision\io\_video_deprecation_warning.py:5: UserWarning: The video decoding and encoding capabilities of torchvision are deprecated from version 0.22 and will be removed in version 0.24. We recommend that you migrate to TorchCodec, where we'll consolidate the future decoding/encoding capabilities of PyTorch: https://github.com/pytorch/torchcodec
  warnings.warn(
C:\Users\IamAr\miniconda3\envs\vla\lib\site-packages\torchvision\io\_video_deprecation_warning.py:5: UserWarning: The video decoding and encoding capabilities of torchvision are deprecated from version 0.22 and will be removed in version 0.24. We recommend that you migrate to TorchCodec, where we'll consolidate the future decoding/encoding capabilities of PyTorch: https://github.com/pytorch/torchcodec
  warnings.warn(
C:\Users\IamAr\miniconda3\envs\vla\lib\site-packages\torchvision\io\_video_deprecation_warning.py:5: UserWarning: The video decoding and encoding capabilities of torchvision are deprecated from version 0.22 and will be removed in version 0.24. We recommend that you migrate to TorchCodec, where we'll consolidate the future decoding/encoding capabilities of PyTorch: https://github.com/pytorch/torchcodec
  warnings.warn(
C:\Users\IamAr\miniconda3\envs\vla\lib\site-packages\torchvision\io\_video_deprecation_warning.py:5: UserWarning: The video decoding and encoding capabilities of torchvision are deprecated from version 0.22 and will be removed in version 0.24. We recommend that you migrate to TorchCodec, where we'll consolidate the future decoding/encoding capabilities of PyTorch: https://github.com/pytorch/torchcodec
  warnings.warn(
C:\Users\IamAr\miniconda3\envs\vla\lib\site-packages\torchvision\io\_video_deprecation_warning.py:5: UserWarning: The video decoding and encoding capabilities of torchvision are deprecated from version 0.22 and will be removed in version 0.24. We recommend that you migrate to TorchCodec, where we'll consolidate the future decoding/encoding capabilities of PyTorch: https://github.com/pytorch/torchcodec
  warnings.warn(
C:\Users\IamAr\miniconda3\envs\vla\lib\site-packages\torchvision\io\_video_deprecation_warning.py:5: UserWarning: The video decoding and encoding capabilities of torchvision are deprecated from version 0.22 and will be removed in version 0.24. We recommend that you migrate to TorchCodec, where we'll consolidate the future decoding/encoding capabilities of PyTorch: https://github.com/pytorch/torchcodec
  warnings.warn(
C:\Users\IamAr\miniconda3\envs\vla\lib\site-packages\torchvision\io\_video_deprecation_warning.py:5: UserWarning: The video decoding and encoding capabilities of torchvision are deprecated from version 0.22 and will be removed in version 0.24. We recommend that you migrate to TorchCodec, where we'll consolidate the future decoding/encoding capabilities of PyTorch: https://github.com/pytorch/torchcodec
  warnings.warn(
C:\Users\IamAr\miniconda3\envs\vla\lib\site-packages\torchvision\io\_video_deprecation_warning.py:5: UserWarning: The video decoding and encoding capabilities of torchvision are deprecated from version 0.22 and will be removed in version 0.24. We recommend that you migrate to TorchCodec, where we'll consolidate the future decoding/encoding capabilities of PyTorch: https://github.com/pytorch/torchcodec
  warnings.warn(
INFO 2026-09-08 11:20:37 ot_train.py:351 step:94K smpl:752K ep:1K epch:16.01 loss:0.075 grdn:5.182 lr:1.0e-05 updt_s:0.169 data_s:0.056
INFO 2026-09-08 11:21:21 ot_train.py:351 step:94K smpl:754K ep:1K epch:16.06 loss:0.076 grdn:5.444 lr:1.0e-05 updt_s:0.168 data_s:0.007
INFO 2026-09-08 11:22:05 ot_train.py:351 step:94K smpl:756K ep:1K epch:16.10 loss:0.075 grdn:5.154 lr:1.0e-05 updt_s:0.167 data_s:0.007
INFO 2026-09-08 11:22:49 ot_train.py:351 step:95K smpl:758K ep:1K epch:16.14 loss:0.075 grdn:5.299 lr:1.0e-05 updt_s:0.168 data_s:0.007
INFO 2026-09-08 11:23:33 ot_train.py:351 step:95K smpl:760K ep:1K epch:16.18 loss:0.074 grdn:5.103 lr:1.0e-05 updt_s:0.166 data_s:0.007
INFO 2026-09-08 11:24:17 ot_train.py:351 step:95K smpl:762K ep:1K epch:16.23 loss:0.075 grdn:5.293 lr:1.0e-05 updt_s:0.168 data_s:0.007
INFO 2026-09-08 11:25:01 ot_train.py:351 step:96K smpl:764K ep:1K epch:16.27 loss:0.076 grdn:5.445 lr:1.0e-05 updt_s:0.167 data_s:0.007
INFO 2026-09-08 11:25:45 ot_train.py:351 step:96K smpl:766K ep:1K epch:16.31 loss:0.074 grdn:5.218 lr:1.0e-05 updt_s:0.168 data_s:0.007
INFO 2026-09-08 11:26:28 ot_train.py:351 step:96K smpl:768K ep:1K epch:16.35 loss:0.074 grdn:5.211 lr:1.0e-05 updt_s:0.166 data_s:0.007
INFO 2026-09-08 11:27:12 ot_train.py:351 step:96K smpl:770K ep:1K epch:16.40 loss:0.074 grdn:5.408 lr:1.0e-05 updt_s:0.166 data_s:0.007
INFO 2026-09-08 11:27:56 ot_train.py:351 step:96K smpl:772K ep:1K epch:16.44 loss:0.074 grdn:5.127 lr:1.0e-05 updt_s:0.167 data_s:0.007
INFO 2026-09-08 11:28:39 ot_train.py:351 step:97K smpl:774K ep:1K epch:16.48 loss:0.077 grdn:5.344 lr:1.0e-05 updt_s:0.167 data_s:0.007
INFO 2026-09-08 11:29:23 ot_train.py:351 step:97K smpl:776K ep:1K epch:16.52 loss:0.074 grdn:5.237 lr:1.0e-05 updt_s:0.166 data_s:0.007
INFO 2026-09-08 11:30:06 ot_train.py:351 step:97K smpl:778K ep:1K epch:16.57 loss:0.075 grdn:5.388 lr:1.0e-05 updt_s:0.166 data_s:0.007
INFO 2026-09-08 11:30:50 ot_train.py:351 step:98K smpl:780K ep:1K epch:16.61 loss:0.075 grdn:5.267 lr:1.0e-05 updt_s:0.166 data_s:0.007
INFO 2026-09-08 11:31:34 ot_train.py:351 step:98K smpl:782K ep:1K epch:16.65 loss:0.074 grdn:5.269 lr:1.0e-05 updt_s:0.167 data_s:0.007
INFO 2026-09-08 11:32:17 ot_train.py:351 step:98K smpl:784K ep:1K epch:16.69 loss:0.074 grdn:5.262 lr:1.0e-05 updt_s:0.167 data_s:0.007
INFO 2026-09-08 11:33:01 ot_train.py:351 step:98K smpl:786K ep:1K epch:16.74 loss:0.074 grdn:5.225 lr:1.0e-05 updt_s:0.166 data_s:0.007
INFO 2026-09-08 11:33:44 ot_train.py:351 step:98K smpl:788K ep:1K epch:16.78 loss:0.075 grdn:5.556 lr:1.0e-05 updt_s:0.166 data_s:0.007
INFO 2026-09-08 11:34:28 ot_train.py:351 step:99K smpl:790K ep:1K epch:16.82 loss:0.074 grdn:5.147 lr:1.0e-05 updt_s:0.166 data_s:0.007
INFO 2026-09-08 11:35:12 ot_train.py:351 step:99K smpl:792K ep:1K epch:16.86 loss:0.074 grdn:5.095 lr:1.0e-05 updt_s:0.167 data_s:0.007
INFO 2026-09-08 11:35:56 ot_train.py:351 step:99K smpl:794K ep:1K epch:16.91 loss:0.073 grdn:5.111 lr:1.0e-05 updt_s:0.166 data_s:0.007
INFO 2026-09-08 11:36:39 ot_train.py:351 step:100K smpl:796K ep:1K epch:16.95 loss:0.075 grdn:5.352 lr:1.0e-05 updt_s:0.166 data_s:0.007
INFO 2026-09-08 11:37:23 ot_train.py:351 step:100K smpl:798K ep:1K epch:16.99 loss:0.074 grdn:5.091 lr:1.0e-05 updt_s:0.166 data_s:0.007
C:\Users\IamAr\miniconda3\envs\vla\lib\site-packages\torchvision\io\_video_deprecation_warning.py:5: UserWarning: The video decoding and encoding capabilities of torchvision are deprecated from version 0.22 and will be removed in version 0.24. We recommend that you migrate to TorchCodec, where we'll consolidate the future decoding/encoding capabilities of PyTorch: https://github.com/pytorch/torchcodec
  warnings.warn(
C:\Users\IamAr\miniconda3\envs\vla\lib\site-packages\torchvision\io\_video_deprecation_warning.py:5: UserWarning: The video decoding and encoding capabilities of torchvision are deprecated from version 0.22 and will be removed in version 0.24. We recommend that you migrate to TorchCodec, where we'll consolidate the future decoding/encoding capabilities of PyTorch: https://github.com/pytorch/torchcodec
  warnings.warn(
C:\Users\IamAr\miniconda3\envs\vla\lib\site-packages\torchvision\io\_video_deprecation_warning.py:5: UserWarning: The video decoding and encoding capabilities of torchvision are deprecated from version 0.22 and will be removed in version 0.24. We recommend that you migrate to TorchCodec, where we'll consolidate the future decoding/encoding capabilities of PyTorch: https://github.com/pytorch/torchcodec
  warnings.warn(
C:\Users\IamAr\miniconda3\envs\vla\lib\site-packages\torchvision\io\_video_deprecation_warning.py:5: UserWarning: The video decoding and encoding capabilities of torchvision are deprecated from version 0.22 and will be removed in version 0.24. We recommend that you migrate to TorchCodec, where we'll consolidate the future decoding/encoding capabilities of PyTorch: https://github.com/pytorch/torchcodec
  warnings.warn(
C:\Users\IamAr\miniconda3\envs\vla\lib\site-packages\torchvision\io\_video_deprecation_warning.py:5: UserWarning: The video decoding and encoding capabilities of torchvision are deprecated from version 0.22 and will be removed in version 0.24. We recommend that you migrate to TorchCodec, where we'll consolidate the future decoding/encoding capabilities of PyTorch: https://github.com/pytorch/torchcodec
  warnings.warn(
C:\Users\IamAr\miniconda3\envs\vla\lib\site-packages\torchvision\io\_video_deprecation_warning.py:5: UserWarning: The video decoding and encoding capabilities of torchvision are deprecated from version 0.22 and will be removed in version 0.24. We recommend that you migrate to TorchCodec, where we'll consolidate the future decoding/encoding capabilities of PyTorch: https://github.com/pytorch/torchcodec
  warnings.warn(
C:\Users\IamAr\miniconda3\envs\vla\lib\site-packages\torchvision\io\_video_deprecation_warning.py:5: UserWarning: The video decoding and encoding capabilities of torchvision are deprecated from version 0.22 and will be removed in version 0.24. We recommend that you migrate to TorchCodec, where we'll consolidate the future decoding/encoding capabilities of PyTorch: https://github.com/pytorch/torchcodec
  warnings.warn(
C:\Users\IamAr\miniconda3\envs\vla\lib\site-packages\torchvision\io\_video_deprecation_warning.py:5: UserWarning: The video decoding and encoding capabilities of torchvision are deprecated from version 0.22 and will be removed in version 0.24. We recommend that you migrate to TorchCodec, where we'll consolidate the future decoding/encoding capabilities of PyTorch: https://github.com/pytorch/torchcodec
  warnings.warn(
INFO 2026-09-08 11:38:20 ot_train.py:351 step:100K smpl:800K ep:1K epch:17.03 loss:0.074 grdn:5.057 lr:1.0e-05 updt_s:0.172 data_s:0.055
INFO 2026-09-08 11:38:20 ot_train.py:361 Checkpoint policy after step 100000
INFO 2026-09-08 11:38:21 ot_train.py:430 End of training
