[train] holding out 8 episodes: [0, 25, 28, 33, 40, 51, 60, 61]
Fetching 10 files:   0%|          | 0/10 [00:00<?, ?it/s]Fetching 10 files: 100%|##########| 10/10 [00:00<?, ?it/s]
[train] running: C:\Users\IamAr\miniconda3\envs\vla\python.exe -m vla.training.lerobot_launch --policy.path=C:\Users\IamAr\.cache\huggingface\hub\models--lerobot--smolvla_base\snapshots\c83c3163b8ca9b7e67c509fffd9121e66cb96205 --policy.optimizer_lr=0.0001 --dataset.repo_id=youliangtan/so101-table-cleanup --dataset.episodes=[1,2,3,4,5,6,7,8,9,10,11,12,13,14,15,16,17,18,19,20,21,22,23,24,26,27,29,30,31,32,34,35,36,37,38,39,41,42,43,44,45,46,47,48,49,50,52,53,54,55,56,57,58,59,62,63,64,65,66,67,68,69,70,71,72,73,74,75,76,77,78,79] --batch_size=32 --steps=20000 --output_dir=outputs/smolvla_v1 --num_workers=4 --save_freq=5000 --log_freq=100 --policy.push_to_hub=false --wandb.enable=true --wandb.project=vla-manipulation --rename_map={"observation.images.front": "observation.images.camera1", "observation.images.wrist": "observation.images.camera2"}
WARNING:root:'torchcodec' is not available in your platform, falling back to 'pyav' as a default decoder
WARNING:root:'torchcodec' is not available in your platform, falling back to 'pyav' as a default decoder
INFO 2026-09-08 11:39:01 ot_train.py:163 {'batch_size': 32,
 'checkpoint_path': None,
 'dataset': {'episodes': [1,
                          2,
                          3,
                          4,
                          5,
                          6,
                          7,
                          8,
                          9,
                          10,
                          11,
                          12,
                          13,
                          14,
                          15,
                          16,
                          17,
                          18,
                          19,
                          20,
                          21,
                          22,
                          23,
                          24,
                          26,
                          27,
                          29,
                          30,
                          31,
                          32,
                          34,
                          35,
                          36,
                          37,
                          38,
                          39,
                          41,
                          42,
                          43,
                          44,
                          45,
                          46,
                          47,
                          48,
                          49,
                          50,
                          52,
                          53,
                          54,
                          55,
                          56,
                          57,
                          58,
                          59,
                          62,
                          63,
                          64,
                          65,
                          66,
                          67,
                          68,
                          69,
                          70,
                          71,
                          72,
                          73,
                          74,
                          75,
                          76,
                          77,
                          78,
                          79],
             'image_transforms': {'enable': False,
                                  'max_num_transforms': 3,
                                  'random_order': False,
                                  'tfs': {'affine': {'kwargs': {'degrees': [-5.0,
                                                                            5.0],
                                                                'translate': [0.05,
                                                                              0.05]},
                                                     'type': 'RandomAffine',
                                                     'weight': 1.0},
                                          'brightness': {'kwargs': {'brightness': [0.8,
                                                                                   1.2]},
                                                         'type': 'ColorJitter',
                                                         'weight': 1.0},
                                          'contrast': {'kwargs': {'contrast': [0.8,
                                                                               1.2]},
                                                       'type': 'ColorJitter',
                                                       'weight': 1.0},
                                          'hue': {'kwargs': {'hue': [-0.05,
                                                                     0.05]},
                                                  'type': 'ColorJitter',
                                                  'weight': 1.0},
                                          'saturation': {'kwargs': {'saturation': [0.5,
                                                                                   1.5]},
                                                         'type': 'ColorJitter',
                                                         'weight': 1.0},
                                          'sharpness': {'kwargs': {'sharpness': [0.5,
                                                                                 1.5]},
                                                        'type': 'SharpnessJitter',
                                                        'weight': 1.0}}},
             'repo_id': 'youliangtan/so101-table-cleanup',
             'revision': None,
             'root': None,
             'streaming': False,
             'use_imagenet_stats': True,
             'video_backend': 'pyav'},
 'env': None,
 'eval': {'batch_size': 50, 'n_episodes': 50, 'use_async_envs': False},
 'eval_freq': 20000,
 'job_name': 'smolvla',
 'log_freq': 100,
 'num_workers': 4,
 'optimizer': {'betas': [0.9, 0.95],
               'eps': 1e-08,
               'grad_clip_norm': 10.0,
               'lr': 0.0001,
               'type': 'adamw',
               'weight_decay': 1e-10},
 'output_dir': 'outputs\\smolvla_v1',
 'policy': {'adapt_to_pi_aloha': False,
            'add_image_special_tokens': False,
            'attention_mode': 'cross_attn',
            'chunk_size': 50,
            'device': 'cuda',
            'empty_cameras': 0,
            'expert_width_multiplier': 0.75,
            'freeze_vision_encoder': True,
            'input_features': {'observation.images.camera1': {'shape': [3,
                                                                        256,
                                                                        256],
                                                              'type': <FeatureType.VISUAL: 'VISUAL'>},
                               'observation.images.camera2': {'shape': [3,
                                                                        256,
                                                                        256],
                                                              'type': <FeatureType.VISUAL: 'VISUAL'>},
                               'observation.images.camera3': {'shape': [3,
                                                                        256,
                                                                        256],
                                                              'type': <FeatureType.VISUAL: 'VISUAL'>},
                               'observation.state': {'shape': [6],
                                                     'type': <FeatureType.STATE: 'STATE'>}},
            'license': None,
            'load_vlm_weights': True,
            'max_action_dim': 32,
            'max_period': 4.0,
            'max_state_dim': 32,
            'min_period': 0.004,
            'n_action_steps': 50,
            'n_obs_steps': 1,
            'normalization_mapping': {'ACTION': <NormalizationMode.MEAN_STD: 'MEAN_STD'>,
                                      'STATE': <NormalizationMode.MEAN_STD: 'MEAN_STD'>,
                                      'VISUAL': <NormalizationMode.IDENTITY: 'IDENTITY'>},
            'num_expert_layers': 0,
            'num_steps': 10,
            'num_vlm_layers': 16,
            'optimizer_betas': [0.9, 0.95],
            'optimizer_eps': 1e-08,
            'optimizer_grad_clip_norm': 10.0,
            'optimizer_lr': 0.0001,
            'optimizer_weight_decay': 1e-10,
            'output_features': {'action': {'shape': [6],
                                           'type': <FeatureType.ACTION: 'ACTION'>}},
            'pad_language_to': 'max_length',
            'prefix_length': 0,
            'pretrained_path': 'C:\\Users\\IamAr\\.cache\\huggingface\\hub\\models--lerobot--smolvla_base\\snapshots\\c83c3163b8ca9b7e67c509fffd9121e66cb96205',
            'private': None,
            'push_to_hub': False,
            'repo_id': None,
            'resize_imgs_with_padding': [512, 512],
            'scheduler_decay_lr': 2.5e-06,
            'scheduler_decay_steps': 30000,
            'scheduler_warmup_steps': 1000,
            'self_attn_every_n_layers': 2,
            'tags': None,
            'tokenizer_max_length': 48,
            'train_expert_only': True,
            'train_state_proj': True,
            'type': 'smolvla',
            'use_amp': False,
            'use_cache': True,
            'use_delta_joint_actions_aloha': False,
            'vlm_model_name': 'HuggingFaceTB/SmolVLM2-500M-Video-Instruct'},
 'rename_map': {'observation.images.front': 'observation.images.camera1',
                'observation.images.wrist': 'observation.images.camera2'},
 'resume': False,
 'save_checkpoint': True,
 'save_freq': 5000,
 'scheduler': {'decay_lr': 2.5e-06,
               'num_decay_steps': 30000,
               'num_warmup_steps': 1000,
               'peak_lr': 0.0001,
               'type': 'cosine_decay_with_warmup'},
 'seed': 1000,
 'steps': 20000,
 'use_policy_training_preset': True,
 'wandb': {'disable_artifact': False,
           'enable': True,
           'entity': None,
           'mode': None,
           'notes': None,
           'project': 'vla-manipulation',
           'run_id': None}}
INFO 2026-09-08 11:39:06 db_utils.py:102 Logs will be synced with wandb.
INFO 2026-09-08 11:39:06 db_utils.py:103 Track this run --> https://wandb.ai/arjunsood2025-georgia-institute-of-technology/vla-manipulation/runs/ldj19ane
INFO 2026-09-08 11:39:06 ot_train.py:183 Creating dataset
INFO 2026-09-08 11:39:06 ot_train.py:202 Creating policy
Loading  HuggingFaceTB/SmolVLM2-500M-Video-Instruct weights ...
You have video processor config saved in `preprocessor.json` file which is deprecated. Video processor configs should be saved in their own `video_preprocessor.json` file. You can rename the file or load and save the processor back which renames it automatically. Loading from `preprocessor.json` will be removed in v5.0.
Reducing the number of VLM layers to 16 ...
Loading weights from local directory
INFO 2026-09-08 11:39:24 ot_train.py:247 Creating optimizer and scheduler
INFO 2026-09-08 11:39:24 hedulers.py:105 Auto-scaling LR scheduler: num_training_steps (20000) < num_decay_steps (30000). Scaling warmup: 1000 \u2192 666, decay: 30000 \u2192 20000 (scale factor: 0.667)
INFO 2026-09-08 11:39:24 ot_train.py:259 Output dir: outputs\smolvla_v1
INFO 2026-09-08 11:39:24 ot_train.py:262 cfg.steps=20000 (20K)
INFO 2026-09-08 11:39:24 ot_train.py:263 dataset.num_frames=46963 (47K)
INFO 2026-09-08 11:39:24 ot_train.py:264 dataset.num_episodes=72
INFO 2026-09-08 11:39:24 ot_train.py:267 Effective batch size: 32 x 1 = 32
INFO 2026-09-08 11:39:24 ot_train.py:268 num_learnable_params=99880992 (100M)
INFO 2026-09-08 11:39:24 ot_train.py:269 num_total_params=450046176 (450M)
INFO 2026-09-08 11:39:24 ot_train.py:324 Start offline training on a fixed dataset
C:\Users\IamAr\miniconda3\envs\vla\lib\site-packages\torchvision\io\_video_deprecation_warning.py:5: UserWarning: The video decoding and encoding capabilities of torchvision are deprecated from version 0.22 and will be removed in version 0.24. We recommend that you migrate to TorchCodec, where we'll consolidate the future decoding/encoding capabilities of PyTorch: https://github.com/pytorch/torchcodec
  warnings.warn(
C:\Users\IamAr\miniconda3\envs\vla\lib\site-packages\torchvision\io\_video_deprecation_warning.py:5: UserWarning: The video decoding and encoding capabilities of torchvision are deprecated from version 0.22 and will be removed in version 0.24. We recommend that you migrate to TorchCodec, where we'll consolidate the future decoding/encoding capabilities of PyTorch: https://github.com/pytorch/torchcodec
  warnings.warn(
C:\Users\IamAr\miniconda3\envs\vla\lib\site-packages\torchvision\io\_video_deprecation_warning.py:5: UserWarning: The video decoding and encoding capabilities of torchvision are deprecated from version 0.22 and will be removed in version 0.24. We recommend that you migrate to TorchCodec, where we'll consolidate the future decoding/encoding capabilities of PyTorch: https://github.com/pytorch/torchcodec
  warnings.warn(
C:\Users\IamAr\miniconda3\envs\vla\lib\site-packages\torchvision\io\_video_deprecation_warning.py:5: UserWarning: The video decoding and encoding capabilities of torchvision are deprecated from version 0.22 and will be removed in version 0.24. We recommend that you migrate to TorchCodec, where we'll consolidate the future decoding/encoding capabilities of PyTorch: https://github.com/pytorch/torchcodec
  warnings.warn(
INFO 2026-09-08 11:40:58 ot_train.py:351 step:100 smpl:3K ep:5 epch:0.07 loss:0.114 grdn:0.853 lr:7.7e-06 updt_s:0.816 data_s:0.126
WARNING 2026-09-08 11:40:58 db_utils.py:141 WandB logging of key "losses_after_forward" was ignored as its type "<class 'torch.Tensor'>" is not handled by this wrapper.
WARNING 2026-09-08 11:40:58 db_utils.py:141 WandB logging of key "losses_after_rm_padding" was ignored as its type "<class 'torch.Tensor'>" is not handled by this wrapper.
INFO 2026-09-08 11:42:20 ot_train.py:351 step:200 smpl:6K ep:10 epch:0.14 loss:0.081 grdn:0.567 lr:2.3e-05 updt_s:0.798 data_s:0.023
WARNING 2026-09-08 11:42:20 db_utils.py:141 WandB logging of key "losses_after_forward" was ignored as its type "<class 'torch.Tensor'>" is not handled by this wrapper.
WARNING 2026-09-08 11:42:20 db_utils.py:141 WandB logging of key "losses_after_rm_padding" was ignored as its type "<class 'torch.Tensor'>" is not handled by this wrapper.
INFO 2026-09-08 11:43:43 ot_train.py:351 step:300 smpl:10K ep:15 epch:0.20 loss:0.073 grdn:0.641 lr:3.8e-05 updt_s:0.800 data_s:0.023
WARNING 2026-09-08 11:43:43 db_utils.py:141 WandB logging of key "losses_after_forward" was ignored as its type "<class 'torch.Tensor'>" is not handled by this wrapper.
WARNING 2026-09-08 11:43:43 db_utils.py:141 WandB logging of key "losses_after_rm_padding" was ignored as its type "<class 'torch.Tensor'>" is not handled by this wrapper.
INFO 2026-09-08 11:45:05 ot_train.py:351 step:400 smpl:13K ep:20 epch:0.27 loss:0.069 grdn:0.722 lr:5.3e-05 updt_s:0.798 data_s:0.023
WARNING 2026-09-08 11:45:05 db_utils.py:141 WandB logging of key "losses_after_forward" was ignored as its type "<class 'torch.Tensor'>" is not handled by this wrapper.
WARNING 2026-09-08 11:45:05 db_utils.py:141 WandB logging of key "losses_after_rm_padding" was ignored as its type "<class 'torch.Tensor'>" is not handled by this wrapper.
INFO 2026-09-08 11:46:28 ot_train.py:351 step:500 smpl:16K ep:25 epch:0.34 loss:0.068 grdn:0.708 lr:6.8e-05 updt_s:0.796 data_s:0.023
WARNING 2026-09-08 11:46:28 db_utils.py:141 WandB logging of key "losses_after_forward" was ignored as its type "<class 'torch.Tensor'>" is not handled by this wrapper.
WARNING 2026-09-08 11:46:28 db_utils.py:141 WandB logging of key "losses_after_rm_padding" was ignored as its type "<class 'torch.Tensor'>" is not handled by this wrapper.
INFO 2026-09-08 11:47:50 ot_train.py:351 step:600 smpl:19K ep:29 epch:0.41 loss:0.066 grdn:0.686 lr:8.3e-05 updt_s:0.798 data_s:0.023
WARNING 2026-09-08 11:47:50 db_utils.py:141 WandB logging of key "losses_after_forward" was ignored as its type "<class 'torch.Tensor'>" is not handled by this wrapper.
WARNING 2026-09-08 11:47:50 db_utils.py:141 WandB logging of key "losses_after_rm_padding" was ignored as its type "<class 'torch.Tensor'>" is not handled by this wrapper.
INFO 2026-09-08 11:49:12 ot_train.py:351 step:700 smpl:22K ep:34 epch:0.48 loss:0.071 grdn:0.712 lr:9.7e-05 updt_s:0.798 data_s:0.023
WARNING 2026-09-08 11:49:12 db_utils.py:141 WandB logging of key "losses_after_forward" was ignored as its type "<class 'torch.Tensor'>" is not handled by this wrapper.
WARNING 2026-09-08 11:49:12 db_utils.py:141 WandB logging of key "losses_after_rm_padding" was ignored as its type "<class 'torch.Tensor'>" is not handled by this wrapper.
INFO 2026-09-08 11:50:35 ot_train.py:351 step:800 smpl:26K ep:39 epch:0.55 loss:0.066 grdn:0.676 lr:1.0e-04 updt_s:0.797 data_s:0.023
WARNING 2026-09-08 11:50:35 db_utils.py:141 WandB logging of key "losses_after_forward" was ignored as its type "<class 'torch.Tensor'>" is not handled by this wrapper.
WARNING 2026-09-08 11:50:35 db_utils.py:141 WandB logging of key "losses_after_rm_padding" was ignored as its type "<class 'torch.Tensor'>" is not handled by this wrapper.
INFO 2026-09-08 11:51:57 ot_train.py:351 step:900 smpl:29K ep:44 epch:0.61 loss:0.061 grdn:0.591 lr:1.0e-04 updt_s:0.799 data_s:0.023
WARNING 2026-09-08 11:51:57 db_utils.py:141 WandB logging of key "losses_after_forward" was ignored as its type "<class 'torch.Tensor'>" is not handled by this wrapper.
WARNING 2026-09-08 11:51:57 db_utils.py:141 WandB logging of key "losses_after_rm_padding" was ignored as its type "<class 'torch.Tensor'>" is not handled by this wrapper.
INFO 2026-09-08 11:53:20 ot_train.py:351 step:1K smpl:32K ep:49 epch:0.68 loss:0.060 grdn:0.607 lr:9.9e-05 updt_s:0.798 data_s:0.023
WARNING 2026-09-08 11:53:20 db_utils.py:141 WandB logging of key "losses_after_forward" was ignored as its type "<class 'torch.Tensor'>" is not handled by this wrapper.
WARNING 2026-09-08 11:53:20 db_utils.py:141 WandB logging of key "losses_after_rm_padding" was ignored as its type "<class 'torch.Tensor'>" is not handled by this wrapper.
INFO 2026-09-08 11:54:42 ot_train.py:351 step:1K smpl:35K ep:54 epch:0.75 loss:0.057 grdn:0.566 lr:9.9e-05 updt_s:0.798 data_s:0.023
WARNING 2026-09-08 11:54:42 db_utils.py:141 WandB logging of key "losses_after_forward" was ignored as its type "<class 'torch.Tensor'>" is not handled by this wrapper.
WARNING 2026-09-08 11:54:42 db_utils.py:141 WandB logging of key "losses_after_rm_padding" was ignored as its type "<class 'torch.Tensor'>" is not handled by this wrapper.
INFO 2026-09-08 11:56:04 ot_train.py:351 step:1K smpl:38K ep:59 epch:0.82 loss:0.053 grdn:0.513 lr:9.9e-05 updt_s:0.799 data_s:0.023
WARNING 2026-09-08 11:56:04 db_utils.py:141 WandB logging of key "losses_after_forward" was ignored as its type "<class 'torch.Tensor'>" is not handled by this wrapper.
WARNING 2026-09-08 11:56:04 db_utils.py:141 WandB logging of key "losses_after_rm_padding" was ignored as its type "<class 'torch.Tensor'>" is not handled by this wrapper.
INFO 2026-09-08 11:57:27 ot_train.py:351 step:1K smpl:42K ep:64 epch:0.89 loss:0.054 grdn:0.537 lr:9.9e-05 updt_s:0.797 data_s:0.023
WARNING 2026-09-08 11:57:27 db_utils.py:141 WandB logging of key "losses_after_forward" was ignored as its type "<class 'torch.Tensor'>" is not handled by this wrapper.
WARNING 2026-09-08 11:57:27 db_utils.py:141 WandB logging of key "losses_after_rm_padding" was ignored as its type "<class 'torch.Tensor'>" is not handled by this wrapper.
INFO 2026-09-08 11:58:49 ot_train.py:351 step:1K smpl:45K ep:69 epch:0.95 loss:0.051 grdn:0.506 lr:9.9e-05 updt_s:0.796 data_s:0.023
WARNING 2026-09-08 11:58:49 db_utils.py:141 WandB logging of key "losses_after_forward" was ignored as its type "<class 'torch.Tensor'>" is not handled by this wrapper.
WARNING 2026-09-08 11:58:49 db_utils.py:141 WandB logging of key "losses_after_rm_padding" was ignored as its type "<class 'torch.Tensor'>" is not handled by this wrapper.
C:\Users\IamAr\miniconda3\envs\vla\lib\site-packages\torchvision\io\_video_deprecation_warning.py:5: UserWarning: The video decoding and encoding capabilities of torchvision are deprecated from version 0.22 and will be removed in version 0.24. We recommend that you migrate to TorchCodec, where we'll consolidate the future decoding/encoding capabilities of PyTorch: https://github.com/pytorch/torchcodec
  warnings.warn(
C:\Users\IamAr\miniconda3\envs\vla\lib\site-packages\torchvision\io\_video_deprecation_warning.py:5: UserWarning: The video decoding and encoding capabilities of torchvision are deprecated from version 0.22 and will be removed in version 0.24. We recommend that you migrate to TorchCodec, where we'll consolidate the future decoding/encoding capabilities of PyTorch: https://github.com/pytorch/torchcodec
  warnings.warn(
C:\Users\IamAr\miniconda3\envs\vla\lib\site-packages\torchvision\io\_video_deprecation_warning.py:5: UserWarning: The video decoding and encoding capabilities of torchvision are deprecated from version 0.22 and will be removed in version 0.24. We recommend that you migrate to TorchCodec, where we'll consolidate the future decoding/encoding capabilities of PyTorch: https://github.com/pytorch/torchcodec
  warnings.warn(
C:\Users\IamAr\miniconda3\envs\vla\lib\site-packages\torchvision\io\_video_deprecation_warning.py:5: UserWarning: The video decoding and encoding capabilities of torchvision are deprecated from version 0.22 and will be removed in version 0.24. We recommend that you migrate to TorchCodec, where we'll consolidate the future decoding/encoding capabilities of PyTorch: https://github.com/pytorch/torchcodec
  warnings.warn(
INFO 2026-09-08 12:00:23 ot_train.py:351 step:2K smpl:48K ep:74 epch:1.02 loss:0.051 grdn:0.490 lr:9.9e-05 updt_s:0.804 data_s:0.134
WARNING 2026-09-08 12:00:23 db_utils.py:141 WandB logging of key "losses_after_forward" was ignored as its type "<class 'torch.Tensor'>" is not handled by this wrapper.
WARNING 2026-09-08 12:00:23 db_utils.py:141 WandB logging of key "losses_after_rm_padding" was ignored as its type "<class 'torch.Tensor'>" is not handled by this wrapper.
INFO 2026-09-08 12:01:45 ot_train.py:351 step:2K smpl:51K ep:78 epch:1.09 loss:0.049 grdn:0.501 lr:9.9e-05 updt_s:0.798 data_s:0.023
WARNING 2026-09-08 12:01:45 db_utils.py:141 WandB logging of key "losses_after_forward" was ignored as its type "<class 'torch.Tensor'>" is not handled by this wrapper.
WARNING 2026-09-08 12:01:45 db_utils.py:141 WandB logging of key "losses_after_rm_padding" was ignored as its type "<class 'torch.Tensor'>" is not handled by this wrapper.
INFO 2026-09-08 12:03:08 ot_train.py:351 step:2K smpl:54K ep:83 epch:1.16 loss:0.048 grdn:0.485 lr:9.8e-05 updt_s:0.800 data_s:0.023
WARNING 2026-09-08 12:03:08 db_utils.py:141 WandB logging of key "losses_after_forward" was ignored as its type "<class 'torch.Tensor'>" is not handled by this wrapper.
WARNING 2026-09-08 12:03:08 db_utils.py:141 WandB logging of key "losses_after_rm_padding" was ignored as its type "<class 'torch.Tensor'>" is not handled by this wrapper.
INFO 2026-09-08 12:04:30 ot_train.py:351 step:2K smpl:58K ep:88 epch:1.23 loss:0.046 grdn:0.466 lr:9.8e-05 updt_s:0.795 data_s:0.023
WARNING 2026-09-08 12:04:30 db_utils.py:141 WandB logging of key "losses_after_forward" was ignored as its type "<class 'torch.Tensor'>" is not handled by this wrapper.
WARNING 2026-09-08 12:04:30 db_utils.py:141 WandB logging of key "losses_after_rm_padding" was ignored as its type "<class 'torch.Tensor'>" is not handled by this wrapper.
INFO 2026-09-08 12:05:52 ot_train.py:351 step:2K smpl:61K ep:93 epch:1.29 loss:0.046 grdn:0.482 lr:9.8e-05 updt_s:0.797 data_s:0.023
WARNING 2026-09-08 12:05:52 db_utils.py:141 WandB logging of key "losses_after_forward" was ignored as its type "<class 'torch.Tensor'>" is not handled by this wrapper.
WARNING 2026-09-08 12:05:52 db_utils.py:141 WandB logging of key "losses_after_rm_padding" was ignored as its type "<class 'torch.Tensor'>" is not handled by this wrapper.
INFO 2026-09-08 12:07:15 ot_train.py:351 step:2K smpl:64K ep:98 epch:1.36 loss:0.045 grdn:0.459 lr:9.8e-05 updt_s:0.797 data_s:0.023
WARNING 2026-09-08 12:07:15 db_utils.py:141 WandB logging of key "losses_after_forward" was ignored as its type "<class 'torch.Tensor'>" is not handled by this wrapper.
WARNING 2026-09-08 12:07:15 db_utils.py:141 WandB logging of key "losses_after_rm_padding" was ignored as its type "<class 'torch.Tensor'>" is not handled by this wrapper.
INFO 2026-09-08 12:08:37 ot_train.py:351 step:2K smpl:67K ep:103 epch:1.43 loss:0.043 grdn:0.419 lr:9.7e-05 updt_s:0.797 data_s:0.023
WARNING 2026-09-08 12:08:37 db_utils.py:141 WandB logging of key "losses_after_forward" was ignored as its type "<class 'torch.Tensor'>" is not handled by this wrapper.
WARNING 2026-09-08 12:08:37 db_utils.py:141 WandB logging of key "losses_after_rm_padding" was ignored as its type "<class 'torch.Tensor'>" is not handled by this wrapper.
INFO 2026-09-08 12:09:59 ot_train.py:351 step:2K smpl:70K ep:108 epch:1.50 loss:0.042 grdn:0.431 lr:9.7e-05 updt_s:0.800 data_s:0.023
WARNING 2026-09-08 12:09:59 db_utils.py:141 WandB logging of key "losses_after_forward" was ignored as its type "<class 'torch.Tensor'>" is not handled by this wrapper.
WARNING 2026-09-08 12:09:59 db_utils.py:141 WandB logging of key "losses_after_rm_padding" was ignored as its type "<class 'torch.Tensor'>" is not handled by this wrapper.
INFO 2026-09-08 12:11:22 ot_train.py:351 step:2K smpl:74K ep:113 epch:1.57 loss:0.041 grdn:0.420 lr:9.7e-05 updt_s:0.796 data_s:0.023
WARNING 2026-09-08 12:11:22 db_utils.py:141 WandB logging of key "losses_after_forward" was ignored as its type "<class 'torch.Tensor'>" is not handled by this wrapper.
WARNING 2026-09-08 12:11:22 db_utils.py:141 WandB logging of key "losses_after_rm_padding" was ignored as its type "<class 'torch.Tensor'>" is not handled by this wrapper.
INFO 2026-09-08 12:12:44 ot_train.py:351 step:2K smpl:77K ep:118 epch:1.64 loss:0.041 grdn:0.423 lr:9.7e-05 updt_s:0.797 data_s:0.023
WARNING 2026-09-08 12:12:44 db_utils.py:141 WandB logging of key "losses_after_forward" was ignored as its type "<class 'torch.Tensor'>" is not handled by this wrapper.
WARNING 2026-09-08 12:12:44 db_utils.py:141 WandB logging of key "losses_after_rm_padding" was ignored as its type "<class 'torch.Tensor'>" is not handled by this wrapper.
INFO 2026-09-08 12:14:06 ot_train.py:351 step:2K smpl:80K ep:123 epch:1.70 loss:0.040 grdn:0.420 lr:9.6e-05 updt_s:0.796 data_s:0.023
WARNING 2026-09-08 12:14:06 db_utils.py:141 WandB logging of key "losses_after_forward" was ignored as its type "<class 'torch.Tensor'>" is not handled by this wrapper.
WARNING 2026-09-08 12:14:06 db_utils.py:141 WandB logging of key "losses_after_rm_padding" was ignored as its type "<class 'torch.Tensor'>" is not handled by this wrapper.
INFO 2026-09-08 12:15:29 ot_train.py:351 step:3K smpl:83K ep:128 epch:1.77 loss:0.038 grdn:0.391 lr:9.6e-05 updt_s:0.800 data_s:0.023
WARNING 2026-09-08 12:15:29 db_utils.py:141 WandB logging of key "losses_after_forward" was ignored as its type "<class 'torch.Tensor'>" is not handled by this wrapper.
WARNING 2026-09-08 12:15:29 db_utils.py:141 WandB logging of key "losses_after_rm_padding" was ignored as its type "<class 'torch.Tensor'>" is not handled by this wrapper.
INFO 2026-09-08 12:16:51 ot_train.py:351 step:3K smpl:86K ep:132 epch:1.84 loss:0.039 grdn:0.427 lr:9.6e-05 updt_s:0.798 data_s:0.023
WARNING 2026-09-08 12:16:51 db_utils.py:141 WandB logging of key "losses_after_forward" was ignored as its type "<class 'torch.Tensor'>" is not handled by this wrapper.
WARNING 2026-09-08 12:16:51 db_utils.py:141 WandB logging of key "losses_after_rm_padding" was ignored as its type "<class 'torch.Tensor'>" is not handled by this wrapper.
INFO 2026-09-08 12:18:13 ot_train.py:351 step:3K smpl:90K ep:137 epch:1.91 loss:0.038 grdn:0.395 lr:9.6e-05 updt_s:0.797 data_s:0.023
WARNING 2026-09-08 12:18:13 db_utils.py:141 WandB logging of key "losses_after_forward" was ignored as its type "<class 'torch.Tensor'>" is not handled by this wrapper.
WARNING 2026-09-08 12:18:13 db_utils.py:141 WandB logging of key "losses_after_rm_padding" was ignored as its type "<class 'torch.Tensor'>" is not handled by this wrapper.
INFO 2026-09-08 12:19:35 ot_train.py:351 step:3K smpl:93K ep:142 epch:1.98 loss:0.037 grdn:0.394 lr:9.5e-05 updt_s:0.797 data_s:0.023
WARNING 2026-09-08 12:19:35 db_utils.py:141 WandB logging of key "losses_after_forward" was ignored as its type "<class 'torch.Tensor'>" is not handled by this wrapper.
WARNING 2026-09-08 12:19:35 db_utils.py:141 WandB logging of key "losses_after_rm_padding" was ignored as its type "<class 'torch.Tensor'>" is not handled by this wrapper.
C:\Users\IamAr\miniconda3\envs\vla\lib\site-packages\torchvision\io\_video_deprecation_warning.py:5: UserWarning: The video decoding and encoding capabilities of torchvision are deprecated from version 0.22 and will be removed in version 0.24. We recommend that you migrate to TorchCodec, where we'll consolidate the future decoding/encoding capabilities of PyTorch: https://github.com/pytorch/torchcodec
  warnings.warn(
C:\Users\IamAr\miniconda3\envs\vla\lib\site-packages\torchvision\io\_video_deprecation_warning.py:5: UserWarning: The video decoding and encoding capabilities of torchvision are deprecated from version 0.22 and will be removed in version 0.24. We recommend that you migrate to TorchCodec, where we'll consolidate the future decoding/encoding capabilities of PyTorch: https://github.com/pytorch/torchcodec
  warnings.warn(
C:\Users\IamAr\miniconda3\envs\vla\lib\site-packages\torchvision\io\_video_deprecation_warning.py:5: UserWarning: The video decoding and encoding capabilities of torchvision are deprecated from version 0.22 and will be removed in version 0.24. We recommend that you migrate to TorchCodec, where we'll consolidate the future decoding/encoding capabilities of PyTorch: https://github.com/pytorch/torchcodec
  warnings.warn(
C:\Users\IamAr\miniconda3\envs\vla\lib\site-packages\torchvision\io\_video_deprecation_warning.py:5: UserWarning: The video decoding and encoding capabilities of torchvision are deprecated from version 0.22 and will be removed in version 0.24. We recommend that you migrate to TorchCodec, where we'll consolidate the future decoding/encoding capabilities of PyTorch: https://github.com/pytorch/torchcodec
  warnings.warn(
INFO 2026-09-08 12:21:09 ot_train.py:351 step:3K smpl:96K ep:147 epch:2.04 loss:0.037 grdn:0.396 lr:9.5e-05 updt_s:0.798 data_s:0.135
WARNING 2026-09-08 12:21:09 db_utils.py:141 WandB logging of key "losses_after_forward" was ignored as its type "<class 'torch.Tensor'>" is not handled by this wrapper.
WARNING 2026-09-08 12:21:09 db_utils.py:141 WandB logging of key "losses_after_rm_padding" was ignored as its type "<class 'torch.Tensor'>" is not handled by this wrapper.
INFO 2026-09-08 12:22:31 ot_train.py:351 step:3K smpl:99K ep:152 epch:2.11 loss:0.035 grdn:0.377 lr:9.5e-05 updt_s:0.798 data_s:0.023
WARNING 2026-09-08 12:22:31 db_utils.py:141 WandB logging of key "losses_after_forward" was ignored as its type "<class 'torch.Tensor'>" is not handled by this wrapper.
WARNING 2026-09-08 12:22:31 db_utils.py:141 WandB logging of key "losses_after_rm_padding" was ignored as its type "<class 'torch.Tensor'>" is not handled by this wrapper.
INFO 2026-09-08 12:23:54 ot_train.py:351 step:3K smpl:102K ep:157 epch:2.18 loss:0.035 grdn:0.380 lr:9.4e-05 updt_s:0.797 data_s:0.023
WARNING 2026-09-08 12:23:54 db_utils.py:141 WandB logging of key "losses_after_forward" was ignored as its type "<class 'torch.Tensor'>" is not handled by this wrapper.
WARNING 2026-09-08 12:23:54 db_utils.py:141 WandB logging of key "losses_after_rm_padding" was ignored as its type "<class 'torch.Tensor'>" is not handled by this wrapper.
INFO 2026-09-08 12:25:16 ot_train.py:351 step:3K smpl:106K ep:162 epch:2.25 loss:0.033 grdn:0.360 lr:9.4e-05 updt_s:0.796 data_s:0.023
WARNING 2026-09-08 12:25:16 db_utils.py:141 WandB logging of key "losses_after_forward" was ignored as its type "<class 'torch.Tensor'>" is not handled by this wrapper.
WARNING 2026-09-08 12:25:16 db_utils.py:141 WandB logging of key "losses_after_rm_padding" was ignored as its type "<class 'torch.Tensor'>" is not handled by this wrapper.
INFO 2026-09-08 12:26:38 ot_train.py:351 step:3K smpl:109K ep:167 epch:2.32 loss:0.034 grdn:0.382 lr:9.3e-05 updt_s:0.796 data_s:0.023
WARNING 2026-09-08 12:26:38 db_utils.py:141 WandB logging of key "losses_after_forward" was ignored as its type "<class 'torch.Tensor'>" is not handled by this wrapper.
WARNING 2026-09-08 12:26:38 db_utils.py:141 WandB logging of key "losses_after_rm_padding" was ignored as its type "<class 'torch.Tensor'>" is not handled by this wrapper.
INFO 2026-09-08 12:28:01 ot_train.py:351 step:4K smpl:112K ep:172 epch:2.38 loss:0.033 grdn:0.368 lr:9.3e-05 updt_s:0.804 data_s:0.023
WARNING 2026-09-08 12:28:01 db_utils.py:141 WandB logging of key "losses_after_forward" was ignored as its type "<class 'torch.Tensor'>" is not handled by this wrapper.
WARNING 2026-09-08 12:28:01 db_utils.py:141 WandB logging of key "losses_after_rm_padding" was ignored as its type "<class 'torch.Tensor'>" is not handled by this wrapper.
INFO 2026-09-08 12:29:40 ot_train.py:351 step:4K smpl:115K ep:177 epch:2.45 loss:0.032 grdn:0.366 lr:9.3e-05 updt_s:0.964 data_s:0.025
WARNING 2026-09-08 12:29:40 db_utils.py:141 WandB logging of key "losses_after_forward" was ignored as its type "<class 'torch.Tensor'>" is not handled by this wrapper.
WARNING 2026-09-08 12:29:40 db_utils.py:141 WandB logging of key "losses_after_rm_padding" was ignored as its type "<class 'torch.Tensor'>" is not handled by this wrapper.
INFO 2026-09-08 12:31:15 ot_train.py:351 step:4K smpl:118K ep:182 epch:2.52 loss:0.031 grdn:0.364 lr:9.2e-05 updt_s:0.920 data_s:0.024
WARNING 2026-09-08 12:31:15 db_utils.py:141 WandB logging of key "losses_after_forward" was ignored as its type "<class 'torch.Tensor'>" is not handled by this wrapper.
WARNING 2026-09-08 12:31:15 db_utils.py:141 WandB logging of key "losses_after_rm_padding" was ignored as its type "<class 'torch.Tensor'>" is not handled by this wrapper.
INFO 2026-09-08 12:32:49 ot_train.py:351 step:4K smpl:122K ep:186 epch:2.59 loss:0.032 grdn:0.355 lr:9.2e-05 updt_s:0.915 data_s:0.024
WARNING 2026-09-08 12:32:49 db_utils.py:141 WandB logging of key "losses_after_forward" was ignored as its type "<class 'torch.Tensor'>" is not handled by this wrapper.
WARNING 2026-09-08 12:32:49 db_utils.py:141 WandB logging of key "losses_after_rm_padding" was ignored as its type "<class 'torch.Tensor'>" is not handled by this wrapper.
INFO 2026-09-08 12:34:24 ot_train.py:351 step:4K smpl:125K ep:191 epch:2.66 loss:0.031 grdn:0.354 lr:9.1e-05 updt_s:0.921 data_s:0.023
WARNING 2026-09-08 12:34:24 db_utils.py:141 WandB logging of key "losses_after_forward" was ignored as its type "<class 'torch.Tensor'>" is not handled by this wrapper.
WARNING 2026-09-08 12:34:24 db_utils.py:141 WandB logging of key "losses_after_rm_padding" was ignored as its type "<class 'torch.Tensor'>" is not handled by this wrapper.
INFO 2026-09-08 12:36:02 ot_train.py:351 step:4K smpl:128K ep:196 epch:2.73 loss:0.031 grdn:0.364 lr:9.1e-05 updt_s:0.958 data_s:0.024
WARNING 2026-09-08 12:36:02 db_utils.py:141 WandB logging of key "losses_after_forward" was ignored as its type "<class 'torch.Tensor'>" is not handled by this wrapper.
WARNING 2026-09-08 12:36:02 db_utils.py:141 WandB logging of key "losses_after_rm_padding" was ignored as its type "<class 'torch.Tensor'>" is not handled by this wrapper.
INFO 2026-09-08 12:37:32 ot_train.py:351 step:4K smpl:131K ep:201 epch:2.79 loss:0.030 grdn:0.344 lr:9.0e-05 updt_s:0.867 data_s:0.023
WARNING 2026-09-08 12:37:32 db_utils.py:141 WandB logging of key "losses_after_forward" was ignored as its type "<class 'torch.Tensor'>" is not handled by this wrapper.
WARNING 2026-09-08 12:37:32 db_utils.py:141 WandB logging of key "losses_after_rm_padding" was ignored as its type "<class 'torch.Tensor'>" is not handled by this wrapper.
INFO 2026-09-08 12:39:06 ot_train.py:351 step:4K smpl:134K ep:206 epch:2.86 loss:0.030 grdn:0.341 lr:9.0e-05 updt_s:0.920 data_s:0.024
WARNING 2026-09-08 12:39:06 db_utils.py:141 WandB logging of key "losses_after_forward" was ignored as its type "<class 'torch.Tensor'>" is not handled by this wrapper.
WARNING 2026-09-08 12:39:06 db_utils.py:141 WandB logging of key "losses_after_rm_padding" was ignored as its type "<class 'torch.Tensor'>" is not handled by this wrapper.
INFO 2026-09-08 12:40:40 ot_train.py:351 step:4K smpl:138K ep:211 epch:2.93 loss:0.030 grdn:0.323 lr:9.0e-05 updt_s:0.906 data_s:0.024
WARNING 2026-09-08 12:40:40 db_utils.py:141 WandB logging of key "losses_after_forward" was ignored as its type "<class 'torch.Tensor'>" is not handled by this wrapper.
WARNING 2026-09-08 12:40:40 db_utils.py:141 WandB logging of key "losses_after_rm_padding" was ignored as its type "<class 'torch.Tensor'>" is not handled by this wrapper.
INFO 2026-09-08 12:42:11 ot_train.py:351 step:4K smpl:141K ep:216 epch:3.00 loss:0.030 grdn:0.349 lr:8.9e-05 updt_s:0.889 data_s:0.023
WARNING 2026-09-08 12:42:11 db_utils.py:141 WandB logging of key "losses_after_forward" was ignored as its type "<class 'torch.Tensor'>" is not handled by this wrapper.
WARNING 2026-09-08 12:42:11 db_utils.py:141 WandB logging of key "losses_after_rm_padding" was ignored as its type "<class 'torch.Tensor'>" is not handled by this wrapper.
C:\Users\IamAr\miniconda3\envs\vla\lib\site-packages\torchvision\io\_video_deprecation_warning.py:5: UserWarning: The video decoding and encoding capabilities of torchvision are deprecated from version 0.22 and will be removed in version 0.24. We recommend that you migrate to TorchCodec, where we'll consolidate the future decoding/encoding capabilities of PyTorch: https://github.com/pytorch/torchcodec
  warnings.warn(
C:\Users\IamAr\miniconda3\envs\vla\lib\site-packages\torchvision\io\_video_deprecation_warning.py:5: UserWarning: The video decoding and encoding capabilities of torchvision are deprecated from version 0.22 and will be removed in version 0.24. We recommend that you migrate to TorchCodec, where we'll consolidate the future decoding/encoding capabilities of PyTorch: https://github.com/pytorch/torchcodec
  warnings.warn(
C:\Users\IamAr\miniconda3\envs\vla\lib\site-packages\torchvision\io\_video_deprecation_warning.py:5: UserWarning: The video decoding and encoding capabilities of torchvision are deprecated from version 0.22 and will be removed in version 0.24. We recommend that you migrate to TorchCodec, where we'll consolidate the future decoding/encoding capabilities of PyTorch: https://github.com/pytorch/torchcodec
  warnings.warn(
C:\Users\IamAr\miniconda3\envs\vla\lib\site-packages\torchvision\io\_video_deprecation_warning.py:5: UserWarning: The video decoding and encoding capabilities of torchvision are deprecated from version 0.22 and will be removed in version 0.24. We recommend that you migrate to TorchCodec, where we'll consolidate the future decoding/encoding capabilities of PyTorch: https://github.com/pytorch/torchcodec
  warnings.warn(
INFO 2026-09-08 12:44:00 ot_train.py:351 step:4K smpl:144K ep:221 epch:3.07 loss:0.028 grdn:0.319 lr:8.9e-05 updt_s:0.902 data_s:0.181
WARNING 2026-09-08 12:44:00 db_utils.py:141 WandB logging of key "losses_after_forward" was ignored as its type "<class 'torch.Tensor'>" is not handled by this wrapper.
WARNING 2026-09-08 12:44:00 db_utils.py:141 WandB logging of key "losses_after_rm_padding" was ignored as its type "<class 'torch.Tensor'>" is not handled by this wrapper.
INFO 2026-09-08 12:45:33 ot_train.py:351 step:5K smpl:147K ep:226 epch:3.13 loss:0.028 grdn:0.338 lr:8.8e-05 updt_s:0.902 data_s:0.024
WARNING 2026-09-08 12:45:33 db_utils.py:141 WandB logging of key "losses_after_forward" was ignored as its type "<class 'torch.Tensor'>" is not handled by this wrapper.
WARNING 2026-09-08 12:45:33 db_utils.py:141 WandB logging of key "losses_after_rm_padding" was ignored as its type "<class 'torch.Tensor'>" is not handled by this wrapper.
INFO 2026-09-08 12:47:00 ot_train.py:351 step:5K smpl:150K ep:231 epch:3.20 loss:0.027 grdn:0.342 lr:8.8e-05 updt_s:0.844 data_s:0.023
WARNING 2026-09-08 12:47:00 db_utils.py:141 WandB logging of key "losses_after_forward" was ignored as its type "<class 'torch.Tensor'>" is not handled by this wrapper.
WARNING 2026-09-08 12:47:00 db_utils.py:141 WandB logging of key "losses_after_rm_padding" was ignored as its type "<class 'torch.Tensor'>" is not handled by this wrapper.
INFO 2026-09-08 12:48:29 ot_train.py:351 step:5K smpl:154K ep:235 epch:3.27 loss:0.027 grdn:0.323 lr:8.7e-05 updt_s:0.866 data_s:0.024
WARNING 2026-09-08 12:48:29 db_utils.py:141 WandB logging of key "losses_after_forward" was ignored as its type "<class 'torch.Tensor'>" is not handled by this wrapper.
WARNING 2026-09-08 12:48:29 db_utils.py:141 WandB logging of key "losses_after_rm_padding" was ignored as its type "<class 'torch.Tensor'>" is not handled by this wrapper.
INFO 2026-09-08 12:50:00 ot_train.py:351 step:5K smpl:157K ep:240 epch:3.34 loss:0.027 grdn:0.311 lr:8.7e-05 updt_s:0.873 data_s:0.026
WARNING 2026-09-08 12:50:00 db_utils.py:141 WandB logging of key "losses_after_forward" was ignored as its type "<class 'torch.Tensor'>" is not handled by this wrapper.
WARNING 2026-09-08 12:50:00 db_utils.py:141 WandB logging of key "losses_after_rm_padding" was ignored as its type "<class 'torch.Tensor'>" is not handled by this wrapper.
INFO 2026-09-08 12:51:44 ot_train.py:351 step:5K smpl:160K ep:245 epch:3.41 loss:0.027 grdn:0.321 lr:8.6e-05 updt_s:1.019 data_s:0.026
WARNING 2026-09-08 12:51:44 db_utils.py:141 WandB logging of key "losses_after_forward" was ignored as its type "<class 'torch.Tensor'>" is not handled by this wrapper.
WARNING 2026-09-08 12:51:44 db_utils.py:141 WandB logging of key "losses_after_rm_padding" was ignored as its type "<class 'torch.Tensor'>" is not handled by this wrapper.
INFO 2026-09-08 12:51:44 ot_train.py:361 Checkpoint policy after step 5000
INFO 2026-09-08 12:53:38 ot_train.py:351 step:5K smpl:163K ep:250 epch:3.48 loss:0.025 grdn:0.301 lr:8.5e-05 updt_s:1.037 data_s:0.025
WARNING 2026-09-08 12:53:38 db_utils.py:141 WandB logging of key "losses_after_forward" was ignored as its type "<class 'torch.Tensor'>" is not handled by this wrapper.
WARNING 2026-09-08 12:53:38 db_utils.py:141 WandB logging of key "losses_after_rm_padding" was ignored as its type "<class 'torch.Tensor'>" is not handled by this wrapper.
INFO 2026-09-08 12:55:22 ot_train.py:351 step:5K smpl:166K ep:255 epch:3.54 loss:0.025 grdn:0.297 lr:8.5e-05 updt_s:1.007 data_s:0.025
WARNING 2026-09-08 12:55:22 db_utils.py:141 WandB logging of key "losses_after_forward" was ignored as its type "<class 'torch.Tensor'>" is not handled by this wrapper.
WARNING 2026-09-08 12:55:22 db_utils.py:141 WandB logging of key "losses_after_rm_padding" was ignored as its type "<class 'torch.Tensor'>" is not handled by this wrapper.
INFO 2026-09-08 12:57:10 ot_train.py:351 step:5K smpl:170K ep:260 epch:3.61 loss:0.025 grdn:0.299 lr:8.4e-05 updt_s:1.058 data_s:0.026
WARNING 2026-09-08 12:57:10 db_utils.py:141 WandB logging of key "losses_after_forward" was ignored as its type "<class 'torch.Tensor'>" is not handled by this wrapper.
WARNING 2026-09-08 12:57:10 db_utils.py:141 WandB logging of key "losses_after_rm_padding" was ignored as its type "<class 'torch.Tensor'>" is not handled by this wrapper.
INFO 2026-09-08 12:59:06 ot_train.py:351 step:5K smpl:173K ep:265 epch:3.68 loss:0.026 grdn:0.315 lr:8.4e-05 updt_s:1.124 data_s:0.025
WARNING 2026-09-08 12:59:06 db_utils.py:141 WandB logging of key "losses_after_forward" was ignored as its type "<class 'torch.Tensor'>" is not handled by this wrapper.
WARNING 2026-09-08 12:59:06 db_utils.py:141 WandB logging of key "losses_after_rm_padding" was ignored as its type "<class 'torch.Tensor'>" is not handled by this wrapper.
INFO 2026-09-08 13:00:53 ot_train.py:351 step:6K smpl:176K ep:270 epch:3.75 loss:0.024 grdn:0.294 lr:8.3e-05 updt_s:1.041 data_s:0.025
WARNING 2026-09-08 13:00:53 db_utils.py:141 WandB logging of key "losses_after_forward" was ignored as its type "<class 'torch.Tensor'>" is not handled by this wrapper.
WARNING 2026-09-08 13:00:53 db_utils.py:141 WandB logging of key "losses_after_rm_padding" was ignored as its type "<class 'torch.Tensor'>" is not handled by this wrapper.
INFO 2026-09-08 13:02:23 ot_train.py:351 step:6K smpl:179K ep:275 epch:3.82 loss:0.024 grdn:0.307 lr:8.3e-05 updt_s:0.878 data_s:0.024
WARNING 2026-09-08 13:02:23 db_utils.py:141 WandB logging of key "losses_after_forward" was ignored as its type "<class 'torch.Tensor'>" is not handled by this wrapper.
WARNING 2026-09-08 13:02:23 db_utils.py:141 WandB logging of key "losses_after_rm_padding" was ignored as its type "<class 'torch.Tensor'>" is not handled by this wrapper.
INFO 2026-09-08 13:03:56 ot_train.py:351 step:6K smpl:182K ep:280 epch:3.88 loss:0.025 grdn:0.294 lr:8.2e-05 updt_s:0.900 data_s:0.024
WARNING 2026-09-08 13:03:56 db_utils.py:141 WandB logging of key "losses_after_forward" was ignored as its type "<class 'torch.Tensor'>" is not handled by this wrapper.
WARNING 2026-09-08 13:03:56 db_utils.py:141 WandB logging of key "losses_after_rm_padding" was ignored as its type "<class 'torch.Tensor'>" is not handled by this wrapper.
INFO 2026-09-08 13:05:25 ot_train.py:351 step:6K smpl:186K ep:285 epch:3.95 loss:0.024 grdn:0.305 lr:8.1e-05 updt_s:0.861 data_s:0.023
WARNING 2026-09-08 13:05:25 db_utils.py:141 WandB logging of key "losses_after_forward" was ignored as its type "<class 'torch.Tensor'>" is not handled by this wrapper.
WARNING 2026-09-08 13:05:25 db_utils.py:141 WandB logging of key "losses_after_rm_padding" was ignored as its type "<class 'torch.Tensor'>" is not handled by this wrapper.
C:\Users\IamAr\miniconda3\envs\vla\lib\site-packages\torchvision\io\_video_deprecation_warning.py:5: UserWarning: The video decoding and encoding capabilities of torchvision are deprecated from version 0.22 and will be removed in version 0.24. We recommend that you migrate to TorchCodec, where we'll consolidate the future decoding/encoding capabilities of PyTorch: https://github.com/pytorch/torchcodec
  warnings.warn(
C:\Users\IamAr\miniconda3\envs\vla\lib\site-packages\torchvision\io\_video_deprecation_warning.py:5: UserWarning: The video decoding and encoding capabilities of torchvision are deprecated from version 0.22 and will be removed in version 0.24. We recommend that you migrate to TorchCodec, where we'll consolidate the future decoding/encoding capabilities of PyTorch: https://github.com/pytorch/torchcodec
  warnings.warn(
C:\Users\IamAr\miniconda3\envs\vla\lib\site-packages\torchvision\io\_video_deprecation_warning.py:5: UserWarning: The video decoding and encoding capabilities of torchvision are deprecated from version 0.22 and will be removed in version 0.24. We recommend that you migrate to TorchCodec, where we'll consolidate the future decoding/encoding capabilities of PyTorch: https://github.com/pytorch/torchcodec
  warnings.warn(
C:\Users\IamAr\miniconda3\envs\vla\lib\site-packages\torchvision\io\_video_deprecation_warning.py:5: UserWarning: The video decoding and encoding capabilities of torchvision are deprecated from version 0.22 and will be removed in version 0.24. We recommend that you migrate to TorchCodec, where we'll consolidate the future decoding/encoding capabilities of PyTorch: https://github.com/pytorch/torchcodec
  warnings.warn(
INFO 2026-09-08 13:07:08 ot_train.py:351 step:6K smpl:189K ep:289 epch:4.02 loss:0.024 grdn:0.299 lr:8.1e-05 updt_s:0.861 data_s:0.169
WARNING 2026-09-08 13:07:08 db_utils.py:141 WandB logging of key "losses_after_forward" was ignored as its type "<class 'torch.Tensor'>" is not handled by this wrapper.
WARNING 2026-09-08 13:07:08 db_utils.py:141 WandB logging of key "losses_after_rm_padding" was ignored as its type "<class 'torch.Tensor'>" is not handled by this wrapper.
INFO 2026-09-08 13:08:39 ot_train.py:351 step:6K smpl:192K ep:294 epch:4.09 loss:0.023 grdn:0.296 lr:8.0e-05 updt_s:0.887 data_s:0.024
WARNING 2026-09-08 13:08:39 db_utils.py:141 WandB logging of key "losses_after_forward" was ignored as its type "<class 'torch.Tensor'>" is not handled by this wrapper.
WARNING 2026-09-08 13:08:39 db_utils.py:141 WandB logging of key "losses_after_rm_padding" was ignored as its type "<class 'torch.Tensor'>" is not handled by this wrapper.
INFO 2026-09-08 13:10:09 ot_train.py:351 step:6K smpl:195K ep:299 epch:4.16 loss:0.021 grdn:0.276 lr:8.0e-05 updt_s:0.871 data_s:0.023
WARNING 2026-09-08 13:10:09 db_utils.py:141 WandB logging of key "losses_after_forward" was ignored as its type "<class 'torch.Tensor'>" is not handled by this wrapper.
WARNING 2026-09-08 13:10:09 db_utils.py:141 WandB logging of key "losses_after_rm_padding" was ignored as its type "<class 'torch.Tensor'>" is not handled by this wrapper.
INFO 2026-09-08 13:11:39 ot_train.py:351 step:6K smpl:198K ep:304 epch:4.22 loss:0.023 grdn:0.288 lr:7.9e-05 updt_s:0.868 data_s:0.023
WARNING 2026-09-08 13:11:39 db_utils.py:141 WandB logging of key "losses_after_forward" was ignored as its type "<class 'torch.Tensor'>" is not handled by this wrapper.
WARNING 2026-09-08 13:11:39 db_utils.py:141 WandB logging of key "losses_after_rm_padding" was ignored as its type "<class 'torch.Tensor'>" is not handled by this wrapper.
INFO 2026-09-08 13:13:08 ot_train.py:351 step:6K smpl:202K ep:309 epch:4.29 loss:0.021 grdn:0.274 lr:7.8e-05 updt_s:0.868 data_s:0.023
WARNING 2026-09-08 13:13:08 db_utils.py:141 WandB logging of key "losses_after_forward" was ignored as its type "<class 'torch.Tensor'>" is not handled by this wrapper.
WARNING 2026-09-08 13:13:08 db_utils.py:141 WandB logging of key "losses_after_rm_padding" was ignored as its type "<class 'torch.Tensor'>" is not handled by this wrapper.
INFO 2026-09-08 13:14:37 ot_train.py:351 step:6K smpl:205K ep:314 epch:4.36 loss:0.021 grdn:0.288 lr:7.8e-05 updt_s:0.862 data_s:0.023
WARNING 2026-09-08 13:14:37 db_utils.py:141 WandB logging of key "losses_after_forward" was ignored as its type "<class 'torch.Tensor'>" is not handled by this wrapper.
WARNING 2026-09-08 13:14:37 db_utils.py:141 WandB logging of key "losses_after_rm_padding" was ignored as its type "<class 'torch.Tensor'>" is not handled by this wrapper.
INFO 2026-09-08 13:16:06 ot_train.py:351 step:6K smpl:208K ep:319 epch:4.43 loss:0.021 grdn:0.283 lr:7.7e-05 updt_s:0.862 data_s:0.023
WARNING 2026-09-08 13:16:06 db_utils.py:141 WandB logging of key "losses_after_forward" was ignored as its type "<class 'torch.Tensor'>" is not handled by this wrapper.
WARNING 2026-09-08 13:16:06 db_utils.py:141 WandB logging of key "losses_after_rm_padding" was ignored as its type "<class 'torch.Tensor'>" is not handled by this wrapper.
INFO 2026-09-08 13:17:35 ot_train.py:351 step:7K smpl:211K ep:324 epch:4.50 loss:0.022 grdn:0.290 lr:7.6e-05 updt_s:0.865 data_s:0.023
WARNING 2026-09-08 13:17:35 db_utils.py:141 WandB logging of key "losses_after_forward" was ignored as its type "<class 'torch.Tensor'>" is not handled by this wrapper.
WARNING 2026-09-08 13:17:35 db_utils.py:141 WandB logging of key "losses_after_rm_padding" was ignored as its type "<class 'torch.Tensor'>" is not handled by this wrapper.
INFO 2026-09-08 13:19:08 ot_train.py:351 step:7K smpl:214K ep:329 epch:4.57 loss:0.021 grdn:0.271 lr:7.6e-05 updt_s:0.905 data_s:0.024
WARNING 2026-09-08 13:19:08 db_utils.py:141 WandB logging of key "losses_after_forward" was ignored as its type "<class 'torch.Tensor'>" is not handled by this wrapper.
WARNING 2026-09-08 13:19:08 db_utils.py:141 WandB logging of key "losses_after_rm_padding" was ignored as its type "<class 'torch.Tensor'>" is not handled by this wrapper.
INFO 2026-09-08 13:20:40 ot_train.py:351 step:7K smpl:218K ep:334 epch:4.63 loss:0.020 grdn:0.273 lr:7.5e-05 updt_s:0.888 data_s:0.024
WARNING 2026-09-08 13:20:40 db_utils.py:141 WandB logging of key "losses_after_forward" was ignored as its type "<class 'torch.Tensor'>" is not handled by this wrapper.
WARNING 2026-09-08 13:20:40 db_utils.py:141 WandB logging of key "losses_after_rm_padding" was ignored as its type "<class 'torch.Tensor'>" is not handled by this wrapper.
INFO 2026-09-08 13:22:14 ot_train.py:351 step:7K smpl:221K ep:339 epch:4.70 loss:0.021 grdn:0.250 lr:7.4e-05 updt_s:0.915 data_s:0.024
WARNING 2026-09-08 13:22:14 db_utils.py:141 WandB logging of key "losses_after_forward" was ignored as its type "<class 'torch.Tensor'>" is not handled by this wrapper.
WARNING 2026-09-08 13:22:14 db_utils.py:141 WandB logging of key "losses_after_rm_padding" was ignored as its type "<class 'torch.Tensor'>" is not handled by this wrapper.
INFO 2026-09-08 13:23:50 ot_train.py:351 step:7K smpl:224K ep:343 epch:4.77 loss:0.021 grdn:0.263 lr:7.4e-05 updt_s:0.931 data_s:0.024
WARNING 2026-09-08 13:23:50 db_utils.py:141 WandB logging of key "losses_after_forward" was ignored as its type "<class 'torch.Tensor'>" is not handled by this wrapper.
WARNING 2026-09-08 13:23:50 db_utils.py:141 WandB logging of key "losses_after_rm_padding" was ignored as its type "<class 'torch.Tensor'>" is not handled by this wrapper.
INFO 2026-09-08 13:25:21 ot_train.py:351 step:7K smpl:227K ep:348 epch:4.84 loss:0.021 grdn:0.259 lr:7.3e-05 updt_s:0.883 data_s:0.024
WARNING 2026-09-08 13:25:21 db_utils.py:141 WandB logging of key "losses_after_forward" was ignored as its type "<class 'torch.Tensor'>" is not handled by this wrapper.
WARNING 2026-09-08 13:25:21 db_utils.py:141 WandB logging of key "losses_after_rm_padding" was ignored as its type "<class 'torch.Tensor'>" is not handled by this wrapper.
INFO 2026-09-08 13:26:50 ot_train.py:351 step:7K smpl:230K ep:353 epch:4.91 loss:0.021 grdn:0.267 lr:7.2e-05 updt_s:0.870 data_s:0.023
WARNING 2026-09-08 13:26:50 db_utils.py:141 WandB logging of key "losses_after_forward" was ignored as its type "<class 'torch.Tensor'>" is not handled by this wrapper.
WARNING 2026-09-08 13:26:50 db_utils.py:141 WandB logging of key "losses_after_rm_padding" was ignored as its type "<class 'torch.Tensor'>" is not handled by this wrapper.
INFO 2026-09-08 13:28:21 ot_train.py:351 step:7K smpl:234K ep:358 epch:4.97 loss:0.020 grdn:0.263 lr:7.2e-05 updt_s:0.878 data_s:0.023
WARNING 2026-09-08 13:28:21 db_utils.py:141 WandB logging of key "losses_after_forward" was ignored as its type "<class 'torch.Tensor'>" is not handled by this wrapper.
WARNING 2026-09-08 13:28:21 db_utils.py:141 WandB logging of key "losses_after_rm_padding" was ignored as its type "<class 'torch.Tensor'>" is not handled by this wrapper.
C:\Users\IamAr\miniconda3\envs\vla\lib\site-packages\torchvision\io\_video_deprecation_warning.py:5: UserWarning: The video decoding and encoding capabilities of torchvision are deprecated from version 0.22 and will be removed in version 0.24. We recommend that you migrate to TorchCodec, where we'll consolidate the future decoding/encoding capabilities of PyTorch: https://github.com/pytorch/torchcodec
  warnings.warn(
C:\Users\IamAr\miniconda3\envs\vla\lib\site-packages\torchvision\io\_video_deprecation_warning.py:5: UserWarning: The video decoding and encoding capabilities of torchvision are deprecated from version 0.22 and will be removed in version 0.24. We recommend that you migrate to TorchCodec, where we'll consolidate the future decoding/encoding capabilities of PyTorch: https://github.com/pytorch/torchcodec
  warnings.warn(
C:\Users\IamAr\miniconda3\envs\vla\lib\site-packages\torchvision\io\_video_deprecation_warning.py:5: UserWarning: The video decoding and encoding capabilities of torchvision are deprecated from version 0.22 and will be removed in version 0.24. We recommend that you migrate to TorchCodec, where we'll consolidate the future decoding/encoding capabilities of PyTorch: https://github.com/pytorch/torchcodec
  warnings.warn(
C:\Users\IamAr\miniconda3\envs\vla\lib\site-packages\torchvision\io\_video_deprecation_warning.py:5: UserWarning: The video decoding and encoding capabilities of torchvision are deprecated from version 0.22 and will be removed in version 0.24. We recommend that you migrate to TorchCodec, where we'll consolidate the future decoding/encoding capabilities of PyTorch: https://github.com/pytorch/torchcodec
  warnings.warn(
INFO 2026-09-08 13:30:07 ot_train.py:351 step:7K smpl:237K ep:363 epch:5.04 loss:0.019 grdn:0.254 lr:7.1e-05 updt_s:0.889 data_s:0.170
WARNING 2026-09-08 13:30:07 db_utils.py:141 WandB logging of key "losses_after_forward" was ignored as its type "<class 'torch.Tensor'>" is not handled by this wrapper.
WARNING 2026-09-08 13:30:07 db_utils.py:141 WandB logging of key "losses_after_rm_padding" was ignored as its type "<class 'torch.Tensor'>" is not handled by this wrapper.
INFO 2026-09-08 13:31:37 ot_train.py:351 step:8K smpl:240K ep:368 epch:5.11 loss:0.019 grdn:0.256 lr:7.0e-05 updt_s:0.876 data_s:0.023
WARNING 2026-09-08 13:31:37 db_utils.py:141 WandB logging of key "losses_after_forward" was ignored as its type "<class 'torch.Tensor'>" is not handled by this wrapper.
WARNING 2026-09-08 13:31:37 db_utils.py:141 WandB logging of key "losses_after_rm_padding" was ignored as its type "<class 'torch.Tensor'>" is not handled by this wrapper.
INFO 2026-09-08 13:33:08 ot_train.py:351 step:8K smpl:243K ep:373 epch:5.18 loss:0.018 grdn:0.247 lr:7.0e-05 updt_s:0.881 data_s:0.023
WARNING 2026-09-08 13:33:08 db_utils.py:141 WandB logging of key "losses_after_forward" was ignored as its type "<class 'torch.Tensor'>" is not handled by this wrapper.
WARNING 2026-09-08 13:33:08 db_utils.py:141 WandB logging of key "losses_after_rm_padding" was ignored as its type "<class 'torch.Tensor'>" is not handled by this wrapper.
INFO 2026-09-08 13:34:40 ot_train.py:351 step:8K smpl:246K ep:378 epch:5.25 loss:0.018 grdn:0.256 lr:6.9e-05 updt_s:0.891 data_s:0.023
WARNING 2026-09-08 13:34:40 db_utils.py:141 WandB logging of key "losses_after_forward" was ignored as its type "<class 'torch.Tensor'>" is not handled by this wrapper.
WARNING 2026-09-08 13:34:40 db_utils.py:141 WandB logging of key "losses_after_rm_padding" was ignored as its type "<class 'torch.Tensor'>" is not handled by this wrapper.
INFO 2026-09-08 13:36:10 ot_train.py:351 step:8K smpl:250K ep:383 epch:5.31 loss:0.020 grdn:0.260 lr:6.8e-05 updt_s:0.876 data_s:0.023
WARNING 2026-09-08 13:36:10 db_utils.py:141 WandB logging of key "losses_after_forward" was ignored as its type "<class 'torch.Tensor'>" is not handled by this wrapper.
WARNING 2026-09-08 13:36:10 db_utils.py:141 WandB logging of key "losses_after_rm_padding" was ignored as its type "<class 'torch.Tensor'>" is not handled by this wrapper.
INFO 2026-09-08 13:37:39 ot_train.py:351 step:8K smpl:253K ep:388 epch:5.38 loss:0.018 grdn:0.238 lr:6.7e-05 updt_s:0.865 data_s:0.023
WARNING 2026-09-08 13:37:39 db_utils.py:141 WandB logging of key "losses_after_forward" was ignored as its type "<class 'torch.Tensor'>" is not handled by this wrapper.
WARNING 2026-09-08 13:37:39 db_utils.py:141 WandB logging of key "losses_after_rm_padding" was ignored as its type "<class 'torch.Tensor'>" is not handled by this wrapper.
INFO 2026-09-08 13:39:08 ot_train.py:351 step:8K smpl:256K ep:392 epch:5.45 loss:0.017 grdn:0.226 lr:6.7e-05 updt_s:0.866 data_s:0.023
WARNING 2026-09-08 13:39:08 db_utils.py:141 WandB logging of key "losses_after_forward" was ignored as its type "<class 'torch.Tensor'>" is not handled by this wrapper.
WARNING 2026-09-08 13:39:08 db_utils.py:141 WandB logging of key "losses_after_rm_padding" was ignored as its type "<class 'torch.Tensor'>" is not handled by this wrapper.
INFO 2026-09-08 13:40:38 ot_train.py:351 step:8K smpl:259K ep:397 epch:5.52 loss:0.018 grdn:0.244 lr:6.6e-05 updt_s:0.870 data_s:0.023
WARNING 2026-09-08 13:40:38 db_utils.py:141 WandB logging of key "losses_after_forward" was ignored as its type "<class 'torch.Tensor'>" is not handled by this wrapper.
WARNING 2026-09-08 13:40:38 db_utils.py:141 WandB logging of key "losses_after_rm_padding" was ignored as its type "<class 'torch.Tensor'>" is not handled by this wrapper.
INFO 2026-09-08 13:42:07 ot_train.py:351 step:8K smpl:262K ep:402 epch:5.59 loss:0.017 grdn:0.238 lr:6.5e-05 updt_s:0.866 data_s:0.023
WARNING 2026-09-08 13:42:07 db_utils.py:141 WandB logging of key "losses_after_forward" was ignored as its type "<class 'torch.Tensor'>" is not handled by this wrapper.
WARNING 2026-09-08 13:42:07 db_utils.py:141 WandB logging of key "losses_after_rm_padding" was ignored as its type "<class 'torch.Tensor'>" is not handled by this wrapper.
INFO 2026-09-08 13:43:36 ot_train.py:351 step:8K smpl:266K ep:407 epch:5.66 loss:0.017 grdn:0.232 lr:6.4e-05 updt_s:0.867 data_s:0.023
WARNING 2026-09-08 13:43:36 db_utils.py:141 WandB logging of key "losses_after_forward" was ignored as its type "<class 'torch.Tensor'>" is not handled by this wrapper.
WARNING 2026-09-08 13:43:36 db_utils.py:141 WandB logging of key "losses_after_rm_padding" was ignored as its type "<class 'torch.Tensor'>" is not handled by this wrapper.
INFO 2026-09-08 13:45:06 ot_train.py:351 step:8K smpl:269K ep:412 epch:5.72 loss:0.018 grdn:0.243 lr:6.4e-05 updt_s:0.867 data_s:0.023
WARNING 2026-09-08 13:45:06 db_utils.py:141 WandB logging of key "losses_after_forward" was ignored as its type "<class 'torch.Tensor'>" is not handled by this wrapper.
WARNING 2026-09-08 13:45:06 db_utils.py:141 WandB logging of key "losses_after_rm_padding" was ignored as its type "<class 'torch.Tensor'>" is not handled by this wrapper.
INFO 2026-09-08 13:46:35 ot_train.py:351 step:8K smpl:272K ep:417 epch:5.79 loss:0.017 grdn:0.239 lr:6.3e-05 updt_s:0.867 data_s:0.023
WARNING 2026-09-08 13:46:35 db_utils.py:141 WandB logging of key "losses_after_forward" was ignored as its type "<class 'torch.Tensor'>" is not handled by this wrapper.
WARNING 2026-09-08 13:46:35 db_utils.py:141 WandB logging of key "losses_after_rm_padding" was ignored as its type "<class 'torch.Tensor'>" is not handled by this wrapper.
INFO 2026-09-08 13:48:06 ot_train.py:351 step:9K smpl:275K ep:422 epch:5.86 loss:0.017 grdn:0.229 lr:6.2e-05 updt_s:0.887 data_s:0.023
WARNING 2026-09-08 13:48:06 db_utils.py:141 WandB logging of key "losses_after_forward" was ignored as its type "<class 'torch.Tensor'>" is not handled by this wrapper.
WARNING 2026-09-08 13:48:06 db_utils.py:141 WandB logging of key "losses_after_rm_padding" was ignored as its type "<class 'torch.Tensor'>" is not handled by this wrapper.
INFO 2026-09-08 13:49:36 ot_train.py:351 step:9K smpl:278K ep:427 epch:5.93 loss:0.016 grdn:0.221 lr:6.2e-05 updt_s:0.871 data_s:0.023
WARNING 2026-09-08 13:49:36 db_utils.py:141 WandB logging of key "losses_after_forward" was ignored as its type "<class 'torch.Tensor'>" is not handled by this wrapper.
WARNING 2026-09-08 13:49:36 db_utils.py:141 WandB logging of key "losses_after_rm_padding" was ignored as its type "<class 'torch.Tensor'>" is not handled by this wrapper.
INFO 2026-09-08 13:51:05 ot_train.py:351 step:9K smpl:282K ep:432 epch:6.00 loss:0.016 grdn:0.226 lr:6.1e-05 updt_s:0.865 data_s:0.023
WARNING 2026-09-08 13:51:05 db_utils.py:141 WandB logging of key "losses_after_forward" was ignored as its type "<class 'torch.Tensor'>" is not handled by this wrapper.
WARNING 2026-09-08 13:51:05 db_utils.py:141 WandB logging of key "losses_after_rm_padding" was ignored as its type "<class 'torch.Tensor'>" is not handled by this wrapper.
C:\Users\IamAr\miniconda3\envs\vla\lib\site-packages\torchvision\io\_video_deprecation_warning.py:5: UserWarning: The video decoding and encoding capabilities of torchvision are deprecated from version 0.22 and will be removed in version 0.24. We recommend that you migrate to TorchCodec, where we'll consolidate the future decoding/encoding capabilities of PyTorch: https://github.com/pytorch/torchcodec
  warnings.warn(
C:\Users\IamAr\miniconda3\envs\vla\lib\site-packages\torchvision\io\_video_deprecation_warning.py:5: UserWarning: The video decoding and encoding capabilities of torchvision are deprecated from version 0.22 and will be removed in version 0.24. We recommend that you migrate to TorchCodec, where we'll consolidate the future decoding/encoding capabilities of PyTorch: https://github.com/pytorch/torchcodec
  warnings.warn(
C:\Users\IamAr\miniconda3\envs\vla\lib\site-packages\torchvision\io\_video_deprecation_warning.py:5: UserWarning: The video decoding and encoding capabilities of torchvision are deprecated from version 0.22 and will be removed in version 0.24. We recommend that you migrate to TorchCodec, where we'll consolidate the future decoding/encoding capabilities of PyTorch: https://github.com/pytorch/torchcodec
  warnings.warn(
C:\Users\IamAr\miniconda3\envs\vla\lib\site-packages\torchvision\io\_video_deprecation_warning.py:5: UserWarning: The video decoding and encoding capabilities of torchvision are deprecated from version 0.22 and will be removed in version 0.24. We recommend that you migrate to TorchCodec, where we'll consolidate the future decoding/encoding capabilities of PyTorch: https://github.com/pytorch/torchcodec
  warnings.warn(
INFO 2026-09-08 13:52:47 ot_train.py:351 step:9K smpl:285K ep:437 epch:6.06 loss:0.017 grdn:0.228 lr:6.0e-05 updt_s:0.861 data_s:0.156
WARNING 2026-09-08 13:52:47 db_utils.py:141 WandB logging of key "losses_after_forward" was ignored as its type "<class 'torch.Tensor'>" is not handled by this wrapper.
WARNING 2026-09-08 13:52:47 db_utils.py:141 WandB logging of key "losses_after_rm_padding" was ignored as its type "<class 'torch.Tensor'>" is not handled by this wrapper.
INFO 2026-09-08 13:54:16 ot_train.py:351 step:9K smpl:288K ep:442 epch:6.13 loss:0.016 grdn:0.229 lr:5.9e-05 updt_s:0.865 data_s:0.023
WARNING 2026-09-08 13:54:16 db_utils.py:141 WandB logging of key "losses_after_forward" was ignored as its type "<class 'torch.Tensor'>" is not handled by this wrapper.
WARNING 2026-09-08 13:54:16 db_utils.py:141 WandB logging of key "losses_after_rm_padding" was ignored as its type "<class 'torch.Tensor'>" is not handled by this wrapper.
INFO 2026-09-08 13:55:46 ot_train.py:351 step:9K smpl:291K ep:446 epch:6.20 loss:0.017 grdn:0.243 lr:5.8e-05 updt_s:0.866 data_s:0.023
WARNING 2026-09-08 13:55:46 db_utils.py:141 WandB logging of key "losses_after_forward" was ignored as its type "<class 'torch.Tensor'>" is not handled by this wrapper.
WARNING 2026-09-08 13:55:46 db_utils.py:141 WandB logging of key "losses_after_rm_padding" was ignored as its type "<class 'torch.Tensor'>" is not handled by this wrapper.
INFO 2026-09-08 13:57:15 ot_train.py:351 step:9K smpl:294K ep:451 epch:6.27 loss:0.015 grdn:0.226 lr:5.8e-05 updt_s:0.865 data_s:0.023
WARNING 2026-09-08 13:57:15 db_utils.py:141 WandB logging of key "losses_after_forward" was ignored as its type "<class 'torch.Tensor'>" is not handled by this wrapper.
WARNING 2026-09-08 13:57:15 db_utils.py:141 WandB logging of key "losses_after_rm_padding" was ignored as its type "<class 'torch.Tensor'>" is not handled by this wrapper.
INFO 2026-09-08 13:58:44 ot_train.py:351 step:9K smpl:298K ep:456 epch:6.34 loss:0.016 grdn:0.229 lr:5.7e-05 updt_s:0.865 data_s:0.023
WARNING 2026-09-08 13:58:44 db_utils.py:141 WandB logging of key "losses_after_forward" was ignored as its type "<class 'torch.Tensor'>" is not handled by this wrapper.
WARNING 2026-09-08 13:58:44 db_utils.py:141 WandB logging of key "losses_after_rm_padding" was ignored as its type "<class 'torch.Tensor'>" is not handled by this wrapper.
INFO 2026-09-08 14:00:13 ot_train.py:351 step:9K smpl:301K ep:461 epch:6.41 loss:0.016 grdn:0.236 lr:5.6e-05 updt_s:0.867 data_s:0.023
WARNING 2026-09-08 14:00:13 db_utils.py:141 WandB logging of key "losses_after_forward" was ignored as its type "<class 'torch.Tensor'>" is not handled by this wrapper.
WARNING 2026-09-08 14:00:13 db_utils.py:141 WandB logging of key "losses_after_rm_padding" was ignored as its type "<class 'torch.Tensor'>" is not handled by this wrapper.
INFO 2026-09-08 14:01:44 ot_train.py:351 step:10K smpl:304K ep:466 epch:6.47 loss:0.015 grdn:0.220 lr:5.5e-05 updt_s:0.887 data_s:0.023
WARNING 2026-09-08 14:01:44 db_utils.py:141 WandB logging of key "losses_after_forward" was ignored as its type "<class 'torch.Tensor'>" is not handled by this wrapper.
WARNING 2026-09-08 14:01:44 db_utils.py:141 WandB logging of key "losses_after_rm_padding" was ignored as its type "<class 'torch.Tensor'>" is not handled by this wrapper.
INFO 2026-09-08 14:03:14 ot_train.py:351 step:10K smpl:307K ep:471 epch:6.54 loss:0.015 grdn:0.211 lr:5.5e-05 updt_s:0.870 data_s:0.023
WARNING 2026-09-08 14:03:14 db_utils.py:141 WandB logging of key "losses_after_forward" was ignored as its type "<class 'torch.Tensor'>" is not handled by this wrapper.
WARNING 2026-09-08 14:03:14 db_utils.py:141 WandB logging of key "losses_after_rm_padding" was ignored as its type "<class 'torch.Tensor'>" is not handled by this wrapper.
INFO 2026-09-08 14:04:45 ot_train.py:351 step:10K smpl:310K ep:476 epch:6.61 loss:0.015 grdn:0.217 lr:5.4e-05 updt_s:0.882 data_s:0.023
WARNING 2026-09-08 14:04:45 db_utils.py:141 WandB logging of key "losses_after_forward" was ignored as its type "<class 'torch.Tensor'>" is not handled by this wrapper.
WARNING 2026-09-08 14:04:45 db_utils.py:141 WandB logging of key "losses_after_rm_padding" was ignored as its type "<class 'torch.Tensor'>" is not handled by this wrapper.
INFO 2026-09-08 14:06:20 ot_train.py:351 step:10K smpl:314K ep:481 epch:6.68 loss:0.015 grdn:0.222 lr:5.3e-05 updt_s:0.923 data_s:0.023
WARNING 2026-09-08 14:06:20 db_utils.py:141 WandB logging of key "losses_after_forward" was ignored as its type "<class 'torch.Tensor'>" is not handled by this wrapper.
WARNING 2026-09-08 14:06:20 db_utils.py:141 WandB logging of key "losses_after_rm_padding" was ignored as its type "<class 'torch.Tensor'>" is not handled by this wrapper.
INFO 2026-09-08 14:07:50 ot_train.py:351 step:10K smpl:317K ep:486 epch:6.75 loss:0.015 grdn:0.208 lr:5.2e-05 updt_s:0.872 data_s:0.023
WARNING 2026-09-08 14:07:50 db_utils.py:141 WandB logging of key "losses_after_forward" was ignored as its type "<class 'torch.Tensor'>" is not handled by this wrapper.
WARNING 2026-09-08 14:07:50 db_utils.py:141 WandB logging of key "losses_after_rm_padding" was ignored as its type "<class 'torch.Tensor'>" is not handled by this wrapper.
INFO 2026-09-08 14:09:19 ot_train.py:351 step:10K smpl:320K ep:491 epch:6.81 loss:0.015 grdn:0.211 lr:5.2e-05 updt_s:0.866 data_s:0.023
WARNING 2026-09-08 14:09:19 db_utils.py:141 WandB logging of key "losses_after_forward" was ignored as its type "<class 'torch.Tensor'>" is not handled by this wrapper.
WARNING 2026-09-08 14:09:19 db_utils.py:141 WandB logging of key "losses_after_rm_padding" was ignored as its type "<class 'torch.Tensor'>" is not handled by this wrapper.
INFO 2026-09-08 14:09:19 ot_train.py:361 Checkpoint policy after step 10000
INFO 2026-09-08 14:10:54 ot_train.py:351 step:10K smpl:323K ep:496 epch:6.88 loss:0.014 grdn:0.210 lr:5.1e-05 updt_s:0.884 data_s:0.024
WARNING 2026-09-08 14:10:54 db_utils.py:141 WandB logging of key "losses_after_forward" was ignored as its type "<class 'torch.Tensor'>" is not handled by this wrapper.
WARNING 2026-09-08 14:10:54 db_utils.py:141 WandB logging of key "losses_after_rm_padding" was ignored as its type "<class 'torch.Tensor'>" is not handled by this wrapper.
INFO 2026-09-08 14:12:23 ot_train.py:351 step:10K smpl:326K ep:500 epch:6.95 loss:0.014 grdn:0.208 lr:5.0e-05 updt_s:0.860 data_s:0.023
WARNING 2026-09-08 14:12:23 db_utils.py:141 WandB logging of key "losses_after_forward" was ignored as its type "<class 'torch.Tensor'>" is not handled by this wrapper.
WARNING 2026-09-08 14:12:23 db_utils.py:141 WandB logging of key "losses_after_rm_padding" was ignored as its type "<class 'torch.Tensor'>" is not handled by this wrapper.
C:\Users\IamAr\miniconda3\envs\vla\lib\site-packages\torchvision\io\_video_deprecation_warning.py:5: UserWarning: The video decoding and encoding capabilities of torchvision are deprecated from version 0.22 and will be removed in version 0.24. We recommend that you migrate to TorchCodec, where we'll consolidate the future decoding/encoding capabilities of PyTorch: https://github.com/pytorch/torchcodec
  warnings.warn(
C:\Users\IamAr\miniconda3\envs\vla\lib\site-packages\torchvision\io\_video_deprecation_warning.py:5: UserWarning: The video decoding and encoding capabilities of torchvision are deprecated from version 0.22 and will be removed in version 0.24. We recommend that you migrate to TorchCodec, where we'll consolidate the future decoding/encoding capabilities of PyTorch: https://github.com/pytorch/torchcodec
  warnings.warn(
C:\Users\IamAr\miniconda3\envs\vla\lib\site-packages\torchvision\io\_video_deprecation_warning.py:5: UserWarning: The video decoding and encoding capabilities of torchvision are deprecated from version 0.22 and will be removed in version 0.24. We recommend that you migrate to TorchCodec, where we'll consolidate the future decoding/encoding capabilities of PyTorch: https://github.com/pytorch/torchcodec
  warnings.warn(
C:\Users\IamAr\miniconda3\envs\vla\lib\site-packages\torchvision\io\_video_deprecation_warning.py:5: UserWarning: The video decoding and encoding capabilities of torchvision are deprecated from version 0.22 and will be removed in version 0.24. We recommend that you migrate to TorchCodec, where we'll consolidate the future decoding/encoding capabilities of PyTorch: https://github.com/pytorch/torchcodec
  warnings.warn(
INFO 2026-09-08 14:14:04 ot_train.py:351 step:10K smpl:330K ep:505 epch:7.02 loss:0.015 grdn:0.212 lr:4.9e-05 updt_s:0.853 data_s:0.156
WARNING 2026-09-08 14:14:04 db_utils.py:141 WandB logging of key "losses_after_forward" was ignored as its type "<class 'torch.Tensor'>" is not handled by this wrapper.
WARNING 2026-09-08 14:14:04 db_utils.py:141 WandB logging of key "losses_after_rm_padding" was ignored as its type "<class 'torch.Tensor'>" is not handled by this wrapper.
INFO 2026-09-08 14:15:34 ot_train.py:351 step:10K smpl:333K ep:510 epch:7.09 loss:0.014 grdn:0.192 lr:4.9e-05 updt_s:0.873 data_s:0.023
WARNING 2026-09-08 14:15:34 db_utils.py:141 WandB logging of key "losses_after_forward" was ignored as its type "<class 'torch.Tensor'>" is not handled by this wrapper.
WARNING 2026-09-08 14:15:34 db_utils.py:141 WandB logging of key "losses_after_rm_padding" was ignored as its type "<class 'torch.Tensor'>" is not handled by this wrapper.
INFO 2026-09-08 14:17:04 ot_train.py:351 step:10K smpl:336K ep:515 epch:7.15 loss:0.014 grdn:0.197 lr:4.8e-05 updt_s:0.869 data_s:0.023
WARNING 2026-09-08 14:17:04 db_utils.py:141 WandB logging of key "losses_after_forward" was ignored as its type "<class 'torch.Tensor'>" is not handled by this wrapper.
WARNING 2026-09-08 14:17:04 db_utils.py:141 WandB logging of key "losses_after_rm_padding" was ignored as its type "<class 'torch.Tensor'>" is not handled by this wrapper.
INFO 2026-09-08 14:18:32 ot_train.py:351 step:11K smpl:339K ep:520 epch:7.22 loss:0.013 grdn:0.192 lr:4.7e-05 updt_s:0.859 data_s:0.023
WARNING 2026-09-08 14:18:32 db_utils.py:141 WandB logging of key "losses_after_forward" was ignored as its type "<class 'torch.Tensor'>" is not handled by this wrapper.
WARNING 2026-09-08 14:18:32 db_utils.py:141 WandB logging of key "losses_after_rm_padding" was ignored as its type "<class 'torch.Tensor'>" is not handled by this wrapper.
INFO 2026-09-08 14:20:01 ot_train.py:351 step:11K smpl:342K ep:525 epch:7.29 loss:0.014 grdn:0.208 lr:4.6e-05 updt_s:0.860 data_s:0.023
WARNING 2026-09-08 14:20:01 db_utils.py:141 WandB logging of key "losses_after_forward" was ignored as its type "<class 'torch.Tensor'>" is not handled by this wrapper.
WARNING 2026-09-08 14:20:01 db_utils.py:141 WandB logging of key "losses_after_rm_padding" was ignored as its type "<class 'torch.Tensor'>" is not handled by this wrapper.
INFO 2026-09-08 14:21:29 ot_train.py:351 step:11K smpl:346K ep:530 epch:7.36 loss:0.014 grdn:0.200 lr:4.6e-05 updt_s:0.857 data_s:0.023
WARNING 2026-09-08 14:21:29 db_utils.py:141 WandB logging of key "losses_after_forward" was ignored as its type "<class 'torch.Tensor'>" is not handled by this wrapper.
WARNING 2026-09-08 14:21:29 db_utils.py:141 WandB logging of key "losses_after_rm_padding" was ignored as its type "<class 'torch.Tensor'>" is not handled by this wrapper.
INFO 2026-09-08 14:22:58 ot_train.py:351 step:11K smpl:349K ep:535 epch:7.43 loss:0.014 grdn:0.203 lr:4.5e-05 updt_s:0.861 data_s:0.023
WARNING 2026-09-08 14:22:58 db_utils.py:141 WandB logging of key "losses_after_forward" was ignored as its type "<class 'torch.Tensor'>" is not handled by this wrapper.
WARNING 2026-09-08 14:22:58 db_utils.py:141 WandB logging of key "losses_after_rm_padding" was ignored as its type "<class 'torch.Tensor'>" is not handled by this wrapper.
INFO 2026-09-08 14:24:26 ot_train.py:351 step:11K smpl:352K ep:540 epch:7.50 loss:0.014 grdn:0.201 lr:4.4e-05 updt_s:0.857 data_s:0.023
WARNING 2026-09-08 14:24:26 db_utils.py:141 WandB logging of key "losses_after_forward" was ignored as its type "<class 'torch.Tensor'>" is not handled by this wrapper.
WARNING 2026-09-08 14:24:26 db_utils.py:141 WandB logging of key "losses_after_rm_padding" was ignored as its type "<class 'torch.Tensor'>" is not handled by this wrapper.
INFO 2026-09-08 14:25:55 ot_train.py:351 step:11K smpl:355K ep:545 epch:7.56 loss:0.013 grdn:0.203 lr:4.3e-05 updt_s:0.861 data_s:0.023
WARNING 2026-09-08 14:25:55 db_utils.py:141 WandB logging of key "losses_after_forward" was ignored as its type "<class 'torch.Tensor'>" is not handled by this wrapper.
WARNING 2026-09-08 14:25:55 db_utils.py:141 WandB logging of key "losses_after_rm_padding" was ignored as its type "<class 'torch.Tensor'>" is not handled by this wrapper.
INFO 2026-09-08 14:27:23 ot_train.py:351 step:11K smpl:358K ep:549 epch:7.63 loss:0.013 grdn:0.201 lr:4.2e-05 updt_s:0.861 data_s:0.023
WARNING 2026-09-08 14:27:23 db_utils.py:141 WandB logging of key "losses_after_forward" was ignored as its type "<class 'torch.Tensor'>" is not handled by this wrapper.
WARNING 2026-09-08 14:27:23 db_utils.py:141 WandB logging of key "losses_after_rm_padding" was ignored as its type "<class 'torch.Tensor'>" is not handled by this wrapper.
INFO 2026-09-08 14:28:52 ot_train.py:351 step:11K smpl:362K ep:554 epch:7.70 loss:0.013 grdn:0.189 lr:4.2e-05 updt_s:0.858 data_s:0.023
WARNING 2026-09-08 14:28:52 db_utils.py:141 WandB logging of key "losses_after_forward" was ignored as its type "<class 'torch.Tensor'>" is not handled by this wrapper.
WARNING 2026-09-08 14:28:52 db_utils.py:141 WandB logging of key "losses_after_rm_padding" was ignored as its type "<class 'torch.Tensor'>" is not handled by this wrapper.
INFO 2026-09-08 14:30:22 ot_train.py:351 step:11K smpl:365K ep:559 epch:7.77 loss:0.013 grdn:0.181 lr:4.1e-05 updt_s:0.873 data_s:0.023
WARNING 2026-09-08 14:30:22 db_utils.py:141 WandB logging of key "losses_after_forward" was ignored as its type "<class 'torch.Tensor'>" is not handled by this wrapper.
WARNING 2026-09-08 14:30:22 db_utils.py:141 WandB logging of key "losses_after_rm_padding" was ignored as its type "<class 'torch.Tensor'>" is not handled by this wrapper.
INFO 2026-09-08 14:31:50 ot_train.py:351 step:12K smpl:368K ep:564 epch:7.84 loss:0.013 grdn:0.193 lr:4.0e-05 updt_s:0.857 data_s:0.023
WARNING 2026-09-08 14:31:50 db_utils.py:141 WandB logging of key "losses_after_forward" was ignored as its type "<class 'torch.Tensor'>" is not handled by this wrapper.
WARNING 2026-09-08 14:31:50 db_utils.py:141 WandB logging of key "losses_after_rm_padding" was ignored as its type "<class 'torch.Tensor'>" is not handled by this wrapper.
INFO 2026-09-08 14:33:18 ot_train.py:351 step:12K smpl:371K ep:569 epch:7.90 loss:0.012 grdn:0.180 lr:3.9e-05 updt_s:0.857 data_s:0.023
WARNING 2026-09-08 14:33:18 db_utils.py:141 WandB logging of key "losses_after_forward" was ignored as its type "<class 'torch.Tensor'>" is not handled by this wrapper.
WARNING 2026-09-08 14:33:18 db_utils.py:141 WandB logging of key "losses_after_rm_padding" was ignored as its type "<class 'torch.Tensor'>" is not handled by this wrapper.
INFO 2026-09-08 14:34:47 ot_train.py:351 step:12K smpl:374K ep:574 epch:7.97 loss:0.013 grdn:0.188 lr:3.9e-05 updt_s:0.859 data_s:0.023
WARNING 2026-09-08 14:34:47 db_utils.py:141 WandB logging of key "losses_after_forward" was ignored as its type "<class 'torch.Tensor'>" is not handled by this wrapper.
WARNING 2026-09-08 14:34:47 db_utils.py:141 WandB logging of key "losses_after_rm_padding" was ignored as its type "<class 'torch.Tensor'>" is not handled by this wrapper.
C:\Users\IamAr\miniconda3\envs\vla\lib\site-packages\torchvision\io\_video_deprecation_warning.py:5: UserWarning: The video decoding and encoding capabilities of torchvision are deprecated from version 0.22 and will be removed in version 0.24. We recommend that you migrate to TorchCodec, where we'll consolidate the future decoding/encoding capabilities of PyTorch: https://github.com/pytorch/torchcodec
  warnings.warn(
C:\Users\IamAr\miniconda3\envs\vla\lib\site-packages\torchvision\io\_video_deprecation_warning.py:5: UserWarning: The video decoding and encoding capabilities of torchvision are deprecated from version 0.22 and will be removed in version 0.24. We recommend that you migrate to TorchCodec, where we'll consolidate the future decoding/encoding capabilities of PyTorch: https://github.com/pytorch/torchcodec
  warnings.warn(
C:\Users\IamAr\miniconda3\envs\vla\lib\site-packages\torchvision\io\_video_deprecation_warning.py:5: UserWarning: The video decoding and encoding capabilities of torchvision are deprecated from version 0.22 and will be removed in version 0.24. We recommend that you migrate to TorchCodec, where we'll consolidate the future decoding/encoding capabilities of PyTorch: https://github.com/pytorch/torchcodec
  warnings.warn(
C:\Users\IamAr\miniconda3\envs\vla\lib\site-packages\torchvision\io\_video_deprecation_warning.py:5: UserWarning: The video decoding and encoding capabilities of torchvision are deprecated from version 0.22 and will be removed in version 0.24. We recommend that you migrate to TorchCodec, where we'll consolidate the future decoding/encoding capabilities of PyTorch: https://github.com/pytorch/torchcodec
  warnings.warn(
INFO 2026-09-08 14:36:28 ot_train.py:351 step:12K smpl:378K ep:579 epch:8.04 loss:0.012 grdn:0.173 lr:3.8e-05 updt_s:0.853 data_s:0.155
WARNING 2026-09-08 14:36:28 db_utils.py:141 WandB logging of key "losses_after_forward" was ignored as its type "<class 'torch.Tensor'>" is not handled by this wrapper.
WARNING 2026-09-08 14:36:28 db_utils.py:141 WandB logging of key "losses_after_rm_padding" was ignored as its type "<class 'torch.Tensor'>" is not handled by this wrapper.
INFO 2026-09-08 14:37:56 ot_train.py:351 step:12K smpl:381K ep:584 epch:8.11 loss:0.013 grdn:0.184 lr:3.7e-05 updt_s:0.857 data_s:0.023
WARNING 2026-09-08 14:37:56 db_utils.py:141 WandB logging of key "losses_after_forward" was ignored as its type "<class 'torch.Tensor'>" is not handled by this wrapper.
WARNING 2026-09-08 14:37:56 db_utils.py:141 WandB logging of key "losses_after_rm_padding" was ignored as its type "<class 'torch.Tensor'>" is not handled by this wrapper.
INFO 2026-09-08 14:39:24 ot_train.py:351 step:12K smpl:384K ep:589 epch:8.18 loss:0.012 grdn:0.184 lr:3.7e-05 updt_s:0.856 data_s:0.023
WARNING 2026-09-08 14:39:24 db_utils.py:141 WandB logging of key "losses_after_forward" was ignored as its type "<class 'torch.Tensor'>" is not handled by this wrapper.
WARNING 2026-09-08 14:39:24 db_utils.py:141 WandB logging of key "losses_after_rm_padding" was ignored as its type "<class 'torch.Tensor'>" is not handled by this wrapper.
INFO 2026-09-08 14:40:53 ot_train.py:351 step:12K smpl:387K ep:594 epch:8.24 loss:0.012 grdn:0.182 lr:3.6e-05 updt_s:0.861 data_s:0.023
WARNING 2026-09-08 14:40:53 db_utils.py:141 WandB logging of key "losses_after_forward" was ignored as its type "<class 'torch.Tensor'>" is not handled by this wrapper.
WARNING 2026-09-08 14:40:53 db_utils.py:141 WandB logging of key "losses_after_rm_padding" was ignored as its type "<class 'torch.Tensor'>" is not handled by this wrapper.
INFO 2026-09-08 14:42:23 ot_train.py:351 step:12K smpl:390K ep:599 epch:8.31 loss:0.012 grdn:0.186 lr:3.5e-05 updt_s:0.870 data_s:0.023
WARNING 2026-09-08 14:42:23 db_utils.py:141 WandB logging of key "losses_after_forward" was ignored as its type "<class 'torch.Tensor'>" is not handled by this wrapper.
WARNING 2026-09-08 14:42:23 db_utils.py:141 WandB logging of key "losses_after_rm_padding" was ignored as its type "<class 'torch.Tensor'>" is not handled by this wrapper.
INFO 2026-09-08 14:43:52 ot_train.py:351 step:12K smpl:394K ep:603 epch:8.38 loss:0.012 grdn:0.174 lr:3.4e-05 updt_s:0.867 data_s:0.023
WARNING 2026-09-08 14:43:52 db_utils.py:141 WandB logging of key "losses_after_forward" was ignored as its type "<class 'torch.Tensor'>" is not handled by this wrapper.
WARNING 2026-09-08 14:43:52 db_utils.py:141 WandB logging of key "losses_after_rm_padding" was ignored as its type "<class 'torch.Tensor'>" is not handled by this wrapper.
INFO 2026-09-08 14:45:20 ot_train.py:351 step:12K smpl:397K ep:608 epch:8.45 loss:0.012 grdn:0.190 lr:3.4e-05 updt_s:0.855 data_s:0.023
WARNING 2026-09-08 14:45:20 db_utils.py:141 WandB logging of key "losses_after_forward" was ignored as its type "<class 'torch.Tensor'>" is not handled by this wrapper.
WARNING 2026-09-08 14:45:20 db_utils.py:141 WandB logging of key "losses_after_rm_padding" was ignored as its type "<class 'torch.Tensor'>" is not handled by this wrapper.
INFO 2026-09-08 14:46:54 ot_train.py:351 step:12K smpl:400K ep:613 epch:8.52 loss:0.012 grdn:0.176 lr:3.3e-05 updt_s:0.910 data_s:0.024
WARNING 2026-09-08 14:46:54 db_utils.py:141 WandB logging of key "losses_after_forward" was ignored as its type "<class 'torch.Tensor'>" is not handled by this wrapper.
WARNING 2026-09-08 14:46:54 db_utils.py:141 WandB logging of key "losses_after_rm_padding" was ignored as its type "<class 'torch.Tensor'>" is not handled by this wrapper.
INFO 2026-09-08 14:48:26 ot_train.py:351 step:13K smpl:403K ep:618 epch:8.59 loss:0.012 grdn:0.170 lr:3.2e-05 updt_s:0.900 data_s:0.024
WARNING 2026-09-08 14:48:26 db_utils.py:141 WandB logging of key "losses_after_forward" was ignored as its type "<class 'torch.Tensor'>" is not handled by this wrapper.
WARNING 2026-09-08 14:48:26 db_utils.py:141 WandB logging of key "losses_after_rm_padding" was ignored as its type "<class 'torch.Tensor'>" is not handled by this wrapper.
INFO 2026-09-08 14:49:56 ot_train.py:351 step:13K smpl:406K ep:623 epch:8.65 loss:0.012 grdn:0.176 lr:3.2e-05 updt_s:0.869 data_s:0.023
WARNING 2026-09-08 14:49:56 db_utils.py:141 WandB logging of key "losses_after_forward" was ignored as its type "<class 'torch.Tensor'>" is not handled by this wrapper.
WARNING 2026-09-08 14:49:56 db_utils.py:141 WandB logging of key "losses_after_rm_padding" was ignored as its type "<class 'torch.Tensor'>" is not handled by this wrapper.
INFO 2026-09-08 14:51:26 ot_train.py:351 step:13K smpl:410K ep:628 epch:8.72 loss:0.012 grdn:0.181 lr:3.1e-05 updt_s:0.871 data_s:0.023
WARNING 2026-09-08 14:51:26 db_utils.py:141 WandB logging of key "losses_after_forward" was ignored as its type "<class 'torch.Tensor'>" is not handled by this wrapper.
WARNING 2026-09-08 14:51:26 db_utils.py:141 WandB logging of key "losses_after_rm_padding" was ignored as its type "<class 'torch.Tensor'>" is not handled by this wrapper.
INFO 2026-09-08 14:52:55 ot_train.py:351 step:13K smpl:413K ep:633 epch:8.79 loss:0.012 grdn:0.175 lr:3.0e-05 updt_s:0.867 data_s:0.023
WARNING 2026-09-08 14:52:55 db_utils.py:141 WandB logging of key "losses_after_forward" was ignored as its type "<class 'torch.Tensor'>" is not handled by this wrapper.
WARNING 2026-09-08 14:52:55 db_utils.py:141 WandB logging of key "losses_after_rm_padding" was ignored as its type "<class 'torch.Tensor'>" is not handled by this wrapper.
INFO 2026-09-08 14:54:25 ot_train.py:351 step:13K smpl:416K ep:638 epch:8.86 loss:0.012 grdn:0.176 lr:2.9e-05 updt_s:0.870 data_s:0.023
WARNING 2026-09-08 14:54:25 db_utils.py:141 WandB logging of key "losses_after_forward" was ignored as its type "<class 'torch.Tensor'>" is not handled by this wrapper.
WARNING 2026-09-08 14:54:25 db_utils.py:141 WandB logging of key "losses_after_rm_padding" was ignored as its type "<class 'torch.Tensor'>" is not handled by this wrapper.
INFO 2026-09-08 14:55:56 ot_train.py:351 step:13K smpl:419K ep:643 epch:8.93 loss:0.012 grdn:0.179 lr:2.9e-05 updt_s:0.889 data_s:0.023
WARNING 2026-09-08 14:55:56 db_utils.py:141 WandB logging of key "losses_after_forward" was ignored as its type "<class 'torch.Tensor'>" is not handled by this wrapper.
WARNING 2026-09-08 14:55:56 db_utils.py:141 WandB logging of key "losses_after_rm_padding" was ignored as its type "<class 'torch.Tensor'>" is not handled by this wrapper.
INFO 2026-09-08 14:57:25 ot_train.py:351 step:13K smpl:422K ep:648 epch:8.99 loss:0.012 grdn:0.179 lr:2.8e-05 updt_s:0.864 data_s:0.023
WARNING 2026-09-08 14:57:25 db_utils.py:141 WandB logging of key "losses_after_forward" was ignored as its type "<class 'torch.Tensor'>" is not handled by this wrapper.
WARNING 2026-09-08 14:57:25 db_utils.py:141 WandB logging of key "losses_after_rm_padding" was ignored as its type "<class 'torch.Tensor'>" is not handled by this wrapper.
C:\Users\IamAr\miniconda3\envs\vla\lib\site-packages\torchvision\io\_video_deprecation_warning.py:5: UserWarning: The video decoding and encoding capabilities of torchvision are deprecated from version 0.22 and will be removed in version 0.24. We recommend that you migrate to TorchCodec, where we'll consolidate the future decoding/encoding capabilities of PyTorch: https://github.com/pytorch/torchcodec
  warnings.warn(
C:\Users\IamAr\miniconda3\envs\vla\lib\site-packages\torchvision\io\_video_deprecation_warning.py:5: UserWarning: The video decoding and encoding capabilities of torchvision are deprecated from version 0.22 and will be removed in version 0.24. We recommend that you migrate to TorchCodec, where we'll consolidate the future decoding/encoding capabilities of PyTorch: https://github.com/pytorch/torchcodec
  warnings.warn(
C:\Users\IamAr\miniconda3\envs\vla\lib\site-packages\torchvision\io\_video_deprecation_warning.py:5: UserWarning: The video decoding and encoding capabilities of torchvision are deprecated from version 0.22 and will be removed in version 0.24. We recommend that you migrate to TorchCodec, where we'll consolidate the future decoding/encoding capabilities of PyTorch: https://github.com/pytorch/torchcodec
  warnings.warn(
C:\Users\IamAr\miniconda3\envs\vla\lib\site-packages\torchvision\io\_video_deprecation_warning.py:5: UserWarning: The video decoding and encoding capabilities of torchvision are deprecated from version 0.22 and will be removed in version 0.24. We recommend that you migrate to TorchCodec, where we'll consolidate the future decoding/encoding capabilities of PyTorch: https://github.com/pytorch/torchcodec
  warnings.warn(
INFO 2026-09-08 14:59:05 ot_train.py:351 step:13K smpl:426K ep:652 epch:9.06 loss:0.012 grdn:0.175 lr:2.7e-05 updt_s:0.842 data_s:0.157
WARNING 2026-09-08 14:59:05 db_utils.py:141 WandB logging of key "losses_after_forward" was ignored as its type "<class 'torch.Tensor'>" is not handled by this wrapper.
WARNING 2026-09-08 14:59:05 db_utils.py:141 WandB logging of key "losses_after_rm_padding" was ignored as its type "<class 'torch.Tensor'>" is not handled by this wrapper.
INFO 2026-09-08 15:00:34 ot_train.py:351 step:13K smpl:429K ep:657 epch:9.13 loss:0.011 grdn:0.165 lr:2.7e-05 updt_s:0.859 data_s:0.023
WARNING 2026-09-08 15:00:34 db_utils.py:141 WandB logging of key "losses_after_forward" was ignored as its type "<class 'torch.Tensor'>" is not handled by this wrapper.
WARNING 2026-09-08 15:00:34 db_utils.py:141 WandB logging of key "losses_after_rm_padding" was ignored as its type "<class 'torch.Tensor'>" is not handled by this wrapper.
INFO 2026-09-08 15:02:02 ot_train.py:351 step:14K smpl:432K ep:662 epch:9.20 loss:0.011 grdn:0.166 lr:2.6e-05 updt_s:0.857 data_s:0.023
WARNING 2026-09-08 15:02:02 db_utils.py:141 WandB logging of key "losses_after_forward" was ignored as its type "<class 'torch.Tensor'>" is not handled by this wrapper.
WARNING 2026-09-08 15:02:02 db_utils.py:141 WandB logging of key "losses_after_rm_padding" was ignored as its type "<class 'torch.Tensor'>" is not handled by this wrapper.
INFO 2026-09-08 15:03:30 ot_train.py:351 step:14K smpl:435K ep:667 epch:9.27 loss:0.011 grdn:0.161 lr:2.5e-05 updt_s:0.849 data_s:0.023
WARNING 2026-09-08 15:03:30 db_utils.py:141 WandB logging of key "losses_after_forward" was ignored as its type "<class 'torch.Tensor'>" is not handled by this wrapper.
WARNING 2026-09-08 15:03:30 db_utils.py:141 WandB logging of key "losses_after_rm_padding" was ignored as its type "<class 'torch.Tensor'>" is not handled by this wrapper.
INFO 2026-09-08 15:04:58 ot_train.py:351 step:14K smpl:438K ep:672 epch:9.34 loss:0.011 grdn:0.163 lr:2.5e-05 updt_s:0.854 data_s:0.023
WARNING 2026-09-08 15:04:58 db_utils.py:141 WandB logging of key "losses_after_forward" was ignored as its type "<class 'torch.Tensor'>" is not handled by this wrapper.
WARNING 2026-09-08 15:04:58 db_utils.py:141 WandB logging of key "losses_after_rm_padding" was ignored as its type "<class 'torch.Tensor'>" is not handled by this wrapper.
INFO 2026-09-08 15:06:26 ot_train.py:351 step:14K smpl:442K ep:677 epch:9.40 loss:0.011 grdn:0.162 lr:2.4e-05 updt_s:0.856 data_s:0.023
WARNING 2026-09-08 15:06:26 db_utils.py:141 WandB logging of key "losses_after_forward" was ignored as its type "<class 'torch.Tensor'>" is not handled by this wrapper.
WARNING 2026-09-08 15:06:26 db_utils.py:141 WandB logging of key "losses_after_rm_padding" was ignored as its type "<class 'torch.Tensor'>" is not handled by this wrapper.
INFO 2026-09-08 15:07:54 ot_train.py:351 step:14K smpl:445K ep:682 epch:9.47 loss:0.011 grdn:0.171 lr:2.4e-05 updt_s:0.856 data_s:0.023
WARNING 2026-09-08 15:07:54 db_utils.py:141 WandB logging of key "losses_after_forward" was ignored as its type "<class 'torch.Tensor'>" is not handled by this wrapper.
WARNING 2026-09-08 15:07:54 db_utils.py:141 WandB logging of key "losses_after_rm_padding" was ignored as its type "<class 'torch.Tensor'>" is not handled by this wrapper.
INFO 2026-09-08 15:09:23 ot_train.py:351 step:14K smpl:448K ep:687 epch:9.54 loss:0.011 grdn:0.163 lr:2.3e-05 updt_s:0.862 data_s:0.023
WARNING 2026-09-08 15:09:23 db_utils.py:141 WandB logging of key "losses_after_forward" was ignored as its type "<class 'torch.Tensor'>" is not handled by this wrapper.
WARNING 2026-09-08 15:09:23 db_utils.py:141 WandB logging of key "losses_after_rm_padding" was ignored as its type "<class 'torch.Tensor'>" is not handled by this wrapper.
INFO 2026-09-08 15:10:50 ot_train.py:351 step:14K smpl:451K ep:692 epch:9.61 loss:0.011 grdn:0.164 lr:2.2e-05 updt_s:0.847 data_s:0.023
WARNING 2026-09-08 15:10:50 db_utils.py:141 WandB logging of key "losses_after_forward" was ignored as its type "<class 'torch.Tensor'>" is not handled by this wrapper.
WARNING 2026-09-08 15:10:50 db_utils.py:141 WandB logging of key "losses_after_rm_padding" was ignored as its type "<class 'torch.Tensor'>" is not handled by this wrapper.
INFO 2026-09-08 15:12:17 ot_train.py:351 step:14K smpl:454K ep:697 epch:9.68 loss:0.011 grdn:0.161 lr:2.2e-05 updt_s:0.841 data_s:0.023
WARNING 2026-09-08 15:12:17 db_utils.py:141 WandB logging of key "losses_after_forward" was ignored as its type "<class 'torch.Tensor'>" is not handled by this wrapper.
WARNING 2026-09-08 15:12:17 db_utils.py:141 WandB logging of key "losses_after_rm_padding" was ignored as its type "<class 'torch.Tensor'>" is not handled by this wrapper.
INFO 2026-09-08 15:13:45 ot_train.py:351 step:14K smpl:458K ep:702 epch:9.74 loss:0.011 grdn:0.159 lr:2.1e-05 updt_s:0.853 data_s:0.023
WARNING 2026-09-08 15:13:45 db_utils.py:141 WandB logging of key "losses_after_forward" was ignored as its type "<class 'torch.Tensor'>" is not handled by this wrapper.
WARNING 2026-09-08 15:13:45 db_utils.py:141 WandB logging of key "losses_after_rm_padding" was ignored as its type "<class 'torch.Tensor'>" is not handled by this wrapper.
INFO 2026-09-08 15:15:12 ot_train.py:351 step:14K smpl:461K ep:706 epch:9.81 loss:0.011 grdn:0.165 lr:2.0e-05 updt_s:0.846 data_s:0.023
WARNING 2026-09-08 15:15:12 db_utils.py:141 WandB logging of key "losses_after_forward" was ignored as its type "<class 'torch.Tensor'>" is not handled by this wrapper.
WARNING 2026-09-08 15:15:12 db_utils.py:141 WandB logging of key "losses_after_rm_padding" was ignored as its type "<class 'torch.Tensor'>" is not handled by this wrapper.
INFO 2026-09-08 15:16:39 ot_train.py:351 step:14K smpl:464K ep:711 epch:9.88 loss:0.011 grdn:0.161 lr:2.0e-05 updt_s:0.844 data_s:0.023
WARNING 2026-09-08 15:16:39 db_utils.py:141 WandB logging of key "losses_after_forward" was ignored as its type "<class 'torch.Tensor'>" is not handled by this wrapper.
WARNING 2026-09-08 15:16:39 db_utils.py:141 WandB logging of key "losses_after_rm_padding" was ignored as its type "<class 'torch.Tensor'>" is not handled by this wrapper.
INFO 2026-09-08 15:18:06 ot_train.py:351 step:15K smpl:467K ep:716 epch:9.95 loss:0.011 grdn:0.160 lr:1.9e-05 updt_s:0.847 data_s:0.023
WARNING 2026-09-08 15:18:06 db_utils.py:141 WandB logging of key "losses_after_forward" was ignored as its type "<class 'torch.Tensor'>" is not handled by this wrapper.
WARNING 2026-09-08 15:18:06 db_utils.py:141 WandB logging of key "losses_after_rm_padding" was ignored as its type "<class 'torch.Tensor'>" is not handled by this wrapper.
C:\Users\IamAr\miniconda3\envs\vla\lib\site-packages\torchvision\io\_video_deprecation_warning.py:5: UserWarning: The video decoding and encoding capabilities of torchvision are deprecated from version 0.22 and will be removed in version 0.24. We recommend that you migrate to TorchCodec, where we'll consolidate the future decoding/encoding capabilities of PyTorch: https://github.com/pytorch/torchcodec
  warnings.warn(
C:\Users\IamAr\miniconda3\envs\vla\lib\site-packages\torchvision\io\_video_deprecation_warning.py:5: UserWarning: The video decoding and encoding capabilities of torchvision are deprecated from version 0.22 and will be removed in version 0.24. We recommend that you migrate to TorchCodec, where we'll consolidate the future decoding/encoding capabilities of PyTorch: https://github.com/pytorch/torchcodec
  warnings.warn(
C:\Users\IamAr\miniconda3\envs\vla\lib\site-packages\torchvision\io\_video_deprecation_warning.py:5: UserWarning: The video decoding and encoding capabilities of torchvision are deprecated from version 0.22 and will be removed in version 0.24. We recommend that you migrate to TorchCodec, where we'll consolidate the future decoding/encoding capabilities of PyTorch: https://github.com/pytorch/torchcodec
  warnings.warn(
C:\Users\IamAr\miniconda3\envs\vla\lib\site-packages\torchvision\io\_video_deprecation_warning.py:5: UserWarning: The video decoding and encoding capabilities of torchvision are deprecated from version 0.22 and will be removed in version 0.24. We recommend that you migrate to TorchCodec, where we'll consolidate the future decoding/encoding capabilities of PyTorch: https://github.com/pytorch/torchcodec
  warnings.warn(
INFO 2026-09-08 15:19:46 ot_train.py:351 step:15K smpl:470K ep:721 epch:10.02 loss:0.011 grdn:0.158 lr:1.9e-05 updt_s:0.843 data_s:0.152
WARNING 2026-09-08 15:19:46 db_utils.py:141 WandB logging of key "losses_after_forward" was ignored as its type "<class 'torch.Tensor'>" is not handled by this wrapper.
WARNING 2026-09-08 15:19:46 db_utils.py:141 WandB logging of key "losses_after_rm_padding" was ignored as its type "<class 'torch.Tensor'>" is not handled by this wrapper.
INFO 2026-09-08 15:21:13 ot_train.py:351 step:15K smpl:474K ep:726 epch:10.08 loss:0.011 grdn:0.157 lr:1.8e-05 updt_s:0.845 data_s:0.023
WARNING 2026-09-08 15:21:13 db_utils.py:141 WandB logging of key "losses_after_forward" was ignored as its type "<class 'torch.Tensor'>" is not handled by this wrapper.
WARNING 2026-09-08 15:21:13 db_utils.py:141 WandB logging of key "losses_after_rm_padding" was ignored as its type "<class 'torch.Tensor'>" is not handled by this wrapper.
INFO 2026-09-08 15:22:40 ot_train.py:351 step:15K smpl:477K ep:731 epch:10.15 loss:0.010 grdn:0.150 lr:1.8e-05 updt_s:0.841 data_s:0.023
WARNING 2026-09-08 15:22:40 db_utils.py:141 WandB logging of key "losses_after_forward" was ignored as its type "<class 'torch.Tensor'>" is not handled by this wrapper.
WARNING 2026-09-08 15:22:40 db_utils.py:141 WandB logging of key "losses_after_rm_padding" was ignored as its type "<class 'torch.Tensor'>" is not handled by this wrapper.
INFO 2026-09-08 15:24:07 ot_train.py:351 step:15K smpl:480K ep:736 epch:10.22 loss:0.011 grdn:0.158 lr:1.7e-05 updt_s:0.848 data_s:0.023
WARNING 2026-09-08 15:24:07 db_utils.py:141 WandB logging of key "losses_after_forward" was ignored as its type "<class 'torch.Tensor'>" is not handled by this wrapper.
WARNING 2026-09-08 15:24:07 db_utils.py:141 WandB logging of key "losses_after_rm_padding" was ignored as its type "<class 'torch.Tensor'>" is not handled by this wrapper.
INFO 2026-09-08 15:24:07 ot_train.py:361 Checkpoint policy after step 15000
INFO 2026-09-08 15:25:58 ot_train.py:351 step:15K smpl:483K ep:741 epch:10.29 loss:0.010 grdn:0.158 lr:1.7e-05 updt_s:0.856 data_s:0.023
WARNING 2026-09-08 15:25:59 db_utils.py:141 WandB logging of key "losses_after_forward" was ignored as its type "<class 'torch.Tensor'>" is not handled by this wrapper.
WARNING 2026-09-08 15:25:59 db_utils.py:141 WandB logging of key "losses_after_rm_padding" was ignored as its type "<class 'torch.Tensor'>" is not handled by this wrapper.
INFO 2026-09-08 15:27:25 ot_train.py:351 step:15K smpl:486K ep:746 epch:10.36 loss:0.010 grdn:0.153 lr:1.6e-05 updt_s:0.839 data_s:0.023
WARNING 2026-09-08 15:27:25 db_utils.py:141 WandB logging of key "losses_after_forward" was ignored as its type "<class 'torch.Tensor'>" is not handled by this wrapper.
WARNING 2026-09-08 15:27:25 db_utils.py:141 WandB logging of key "losses_after_rm_padding" was ignored as its type "<class 'torch.Tensor'>" is not handled by this wrapper.
INFO 2026-09-08 15:28:53 ot_train.py:351 step:15K smpl:490K ep:751 epch:10.43 loss:0.010 grdn:0.148 lr:1.5e-05 updt_s:0.858 data_s:0.023
WARNING 2026-09-08 15:28:53 db_utils.py:141 WandB logging of key "losses_after_forward" was ignored as its type "<class 'torch.Tensor'>" is not handled by this wrapper.
WARNING 2026-09-08 15:28:53 db_utils.py:141 WandB logging of key "losses_after_rm_padding" was ignored as its type "<class 'torch.Tensor'>" is not handled by this wrapper.
INFO 2026-09-08 15:30:20 ot_train.py:351 step:15K smpl:493K ep:756 epch:10.49 loss:0.010 grdn:0.148 lr:1.5e-05 updt_s:0.839 data_s:0.023
WARNING 2026-09-08 15:30:20 db_utils.py:141 WandB logging of key "losses_after_forward" was ignored as its type "<class 'torch.Tensor'>" is not handled by this wrapper.
WARNING 2026-09-08 15:30:20 db_utils.py:141 WandB logging of key "losses_after_rm_padding" was ignored as its type "<class 'torch.Tensor'>" is not handled by this wrapper.
INFO 2026-09-08 15:31:46 ot_train.py:351 step:16K smpl:496K ep:760 epch:10.56 loss:0.010 grdn:0.151 lr:1.4e-05 updt_s:0.835 data_s:0.023
WARNING 2026-09-08 15:31:46 db_utils.py:141 WandB logging of key "losses_after_forward" was ignored as its type "<class 'torch.Tensor'>" is not handled by this wrapper.
WARNING 2026-09-08 15:31:46 db_utils.py:141 WandB logging of key "losses_after_rm_padding" was ignored as its type "<class 'torch.Tensor'>" is not handled by this wrapper.
INFO 2026-09-08 15:33:12 ot_train.py:351 step:16K smpl:499K ep:765 epch:10.63 loss:0.010 grdn:0.150 lr:1.4e-05 updt_s:0.835 data_s:0.023
WARNING 2026-09-08 15:33:12 db_utils.py:141 WandB logging of key "losses_after_forward" was ignored as its type "<class 'torch.Tensor'>" is not handled by this wrapper.
WARNING 2026-09-08 15:33:12 db_utils.py:141 WandB logging of key "losses_after_rm_padding" was ignored as its type "<class 'torch.Tensor'>" is not handled by this wrapper.
INFO 2026-09-08 15:34:38 ot_train.py:351 step:16K smpl:502K ep:770 epch:10.70 loss:0.010 grdn:0.144 lr:1.3e-05 updt_s:0.837 data_s:0.023
WARNING 2026-09-08 15:34:38 db_utils.py:141 WandB logging of key "losses_after_forward" was ignored as its type "<class 'torch.Tensor'>" is not handled by this wrapper.
WARNING 2026-09-08 15:34:38 db_utils.py:141 WandB logging of key "losses_after_rm_padding" was ignored as its type "<class 'torch.Tensor'>" is not handled by this wrapper.
INFO 2026-09-08 15:36:04 ot_train.py:351 step:16K smpl:506K ep:775 epch:10.77 loss:0.010 grdn:0.142 lr:1.3e-05 updt_s:0.835 data_s:0.023
WARNING 2026-09-08 15:36:04 db_utils.py:141 WandB logging of key "losses_after_forward" was ignored as its type "<class 'torch.Tensor'>" is not handled by this wrapper.
WARNING 2026-09-08 15:36:04 db_utils.py:141 WandB logging of key "losses_after_rm_padding" was ignored as its type "<class 'torch.Tensor'>" is not handled by this wrapper.
INFO 2026-09-08 15:37:31 ot_train.py:351 step:16K smpl:509K ep:780 epch:10.83 loss:0.011 grdn:0.153 lr:1.2e-05 updt_s:0.840 data_s:0.023
WARNING 2026-09-08 15:37:31 db_utils.py:141 WandB logging of key "losses_after_forward" was ignored as its type "<class 'torch.Tensor'>" is not handled by this wrapper.
WARNING 2026-09-08 15:37:31 db_utils.py:141 WandB logging of key "losses_after_rm_padding" was ignored as its type "<class 'torch.Tensor'>" is not handled by this wrapper.
INFO 2026-09-08 15:38:57 ot_train.py:351 step:16K smpl:512K ep:785 epch:10.90 loss:0.010 grdn:0.144 lr:1.2e-05 updt_s:0.836 data_s:0.023
WARNING 2026-09-08 15:38:57 db_utils.py:141 WandB logging of key "losses_after_forward" was ignored as its type "<class 'torch.Tensor'>" is not handled by this wrapper.
WARNING 2026-09-08 15:38:57 db_utils.py:141 WandB logging of key "losses_after_rm_padding" was ignored as its type "<class 'torch.Tensor'>" is not handled by this wrapper.
INFO 2026-09-08 15:40:23 ot_train.py:351 step:16K smpl:515K ep:790 epch:10.97 loss:0.011 grdn:0.146 lr:1.2e-05 updt_s:0.839 data_s:0.023
WARNING 2026-09-08 15:40:23 db_utils.py:141 WandB logging of key "losses_after_forward" was ignored as its type "<class 'torch.Tensor'>" is not handled by this wrapper.
WARNING 2026-09-08 15:40:23 db_utils.py:141 WandB logging of key "losses_after_rm_padding" was ignored as its type "<class 'torch.Tensor'>" is not handled by this wrapper.
C:\Users\IamAr\miniconda3\envs\vla\lib\site-packages\torchvision\io\_video_deprecation_warning.py:5: UserWarning: The video decoding and encoding capabilities of torchvision are deprecated from version 0.22 and will be removed in version 0.24. We recommend that you migrate to TorchCodec, where we'll consolidate the future decoding/encoding capabilities of PyTorch: https://github.com/pytorch/torchcodec
  warnings.warn(
C:\Users\IamAr\miniconda3\envs\vla\lib\site-packages\torchvision\io\_video_deprecation_warning.py:5: UserWarning: The video decoding and encoding capabilities of torchvision are deprecated from version 0.22 and will be removed in version 0.24. We recommend that you migrate to TorchCodec, where we'll consolidate the future decoding/encoding capabilities of PyTorch: https://github.com/pytorch/torchcodec
  warnings.warn(
C:\Users\IamAr\miniconda3\envs\vla\lib\site-packages\torchvision\io\_video_deprecation_warning.py:5: UserWarning: The video decoding and encoding capabilities of torchvision are deprecated from version 0.22 and will be removed in version 0.24. We recommend that you migrate to TorchCodec, where we'll consolidate the future decoding/encoding capabilities of PyTorch: https://github.com/pytorch/torchcodec
  warnings.warn(
C:\Users\IamAr\miniconda3\envs\vla\lib\site-packages\torchvision\io\_video_deprecation_warning.py:5: UserWarning: The video decoding and encoding capabilities of torchvision are deprecated from version 0.22 and will be removed in version 0.24. We recommend that you migrate to TorchCodec, where we'll consolidate the future decoding/encoding capabilities of PyTorch: https://github.com/pytorch/torchcodec
  warnings.warn(
INFO 2026-09-08 15:42:02 ot_train.py:351 step:16K smpl:518K ep:795 epch:11.04 loss:0.011 grdn:0.153 lr:1.1e-05 updt_s:0.833 data_s:0.154
WARNING 2026-09-08 15:42:02 db_utils.py:141 WandB logging of key "losses_after_forward" was ignored as its type "<class 'torch.Tensor'>" is not handled by this wrapper.
WARNING 2026-09-08 15:42:02 db_utils.py:141 WandB logging of key "losses_after_rm_padding" was ignored as its type "<class 'torch.Tensor'>" is not handled by this wrapper.
INFO 2026-09-08 15:43:29 ot_train.py:351 step:16K smpl:522K ep:800 epch:11.11 loss:0.010 grdn:0.145 lr:1.1e-05 updt_s:0.838 data_s:0.023
WARNING 2026-09-08 15:43:29 db_utils.py:141 WandB logging of key "losses_after_forward" was ignored as its type "<class 'torch.Tensor'>" is not handled by this wrapper.
WARNING 2026-09-08 15:43:29 db_utils.py:141 WandB logging of key "losses_after_rm_padding" was ignored as its type "<class 'torch.Tensor'>" is not handled by this wrapper.
INFO 2026-09-08 15:44:55 ot_train.py:351 step:16K smpl:525K ep:805 epch:11.17 loss:0.010 grdn:0.151 lr:1.0e-05 updt_s:0.838 data_s:0.023
WARNING 2026-09-08 15:44:55 db_utils.py:141 WandB logging of key "losses_after_forward" was ignored as its type "<class 'torch.Tensor'>" is not handled by this wrapper.
WARNING 2026-09-08 15:44:55 db_utils.py:141 WandB logging of key "losses_after_rm_padding" was ignored as its type "<class 'torch.Tensor'>" is not handled by this wrapper.
INFO 2026-09-08 15:46:23 ot_train.py:351 step:16K smpl:528K ep:809 epch:11.24 loss:0.010 grdn:0.145 lr:9.9e-06 updt_s:0.847 data_s:0.023
WARNING 2026-09-08 15:46:23 db_utils.py:141 WandB logging of key "losses_after_forward" was ignored as its type "<class 'torch.Tensor'>" is not handled by this wrapper.
WARNING 2026-09-08 15:46:23 db_utils.py:141 WandB logging of key "losses_after_rm_padding" was ignored as its type "<class 'torch.Tensor'>" is not handled by this wrapper.
INFO 2026-09-08 15:47:49 ot_train.py:351 step:17K smpl:531K ep:814 epch:11.31 loss:0.010 grdn:0.140 lr:9.5e-06 updt_s:0.841 data_s:0.023
WARNING 2026-09-08 15:47:49 db_utils.py:141 WandB logging of key "losses_after_forward" was ignored as its type "<class 'torch.Tensor'>" is not handled by this wrapper.
WARNING 2026-09-08 15:47:49 db_utils.py:141 WandB logging of key "losses_after_rm_padding" was ignored as its type "<class 'torch.Tensor'>" is not handled by this wrapper.
INFO 2026-09-08 15:49:16 ot_train.py:351 step:17K smpl:534K ep:819 epch:11.38 loss:0.010 grdn:0.144 lr:9.1e-06 updt_s:0.841 data_s:0.023
WARNING 2026-09-08 15:49:16 db_utils.py:141 WandB logging of key "losses_after_forward" was ignored as its type "<class 'torch.Tensor'>" is not handled by this wrapper.
WARNING 2026-09-08 15:49:16 db_utils.py:141 WandB logging of key "losses_after_rm_padding" was ignored as its type "<class 'torch.Tensor'>" is not handled by this wrapper.
INFO 2026-09-08 15:50:42 ot_train.py:351 step:17K smpl:538K ep:824 epch:11.45 loss:0.010 grdn:0.134 lr:8.7e-06 updt_s:0.838 data_s:0.023
WARNING 2026-09-08 15:50:42 db_utils.py:141 WandB logging of key "losses_after_forward" was ignored as its type "<class 'torch.Tensor'>" is not handled by this wrapper.
WARNING 2026-09-08 15:50:42 db_utils.py:141 WandB logging of key "losses_after_rm_padding" was ignored as its type "<class 'torch.Tensor'>" is not handled by this wrapper.
INFO 2026-09-08 15:52:09 ot_train.py:351 step:17K smpl:541K ep:829 epch:11.52 loss:0.010 grdn:0.138 lr:8.3e-06 updt_s:0.839 data_s:0.023
WARNING 2026-09-08 15:52:09 db_utils.py:141 WandB logging of key "losses_after_forward" was ignored as its type "<class 'torch.Tensor'>" is not handled by this wrapper.
WARNING 2026-09-08 15:52:09 db_utils.py:141 WandB logging of key "losses_after_rm_padding" was ignored as its type "<class 'torch.Tensor'>" is not handled by this wrapper.
INFO 2026-09-08 15:53:35 ot_train.py:351 step:17K smpl:544K ep:834 epch:11.58 loss:0.010 grdn:0.135 lr:8.0e-06 updt_s:0.835 data_s:0.023
WARNING 2026-09-08 15:53:35 db_utils.py:141 WandB logging of key "losses_after_forward" was ignored as its type "<class 'torch.Tensor'>" is not handled by this wrapper.
WARNING 2026-09-08 15:53:35 db_utils.py:141 WandB logging of key "losses_after_rm_padding" was ignored as its type "<class 'torch.Tensor'>" is not handled by this wrapper.
INFO 2026-09-08 15:55:01 ot_train.py:351 step:17K smpl:547K ep:839 epch:11.65 loss:0.010 grdn:0.141 lr:7.6e-06 updt_s:0.835 data_s:0.023
WARNING 2026-09-08 15:55:01 db_utils.py:141 WandB logging of key "losses_after_forward" was ignored as its type "<class 'torch.Tensor'>" is not handled by this wrapper.
WARNING 2026-09-08 15:55:01 db_utils.py:141 WandB logging of key "losses_after_rm_padding" was ignored as its type "<class 'torch.Tensor'>" is not handled by this wrapper.
INFO 2026-09-08 15:56:27 ot_train.py:351 step:17K smpl:550K ep:844 epch:11.72 loss:0.010 grdn:0.138 lr:7.3e-06 updt_s:0.837 data_s:0.023
WARNING 2026-09-08 15:56:27 db_utils.py:141 WandB logging of key "losses_after_forward" was ignored as its type "<class 'torch.Tensor'>" is not handled by this wrapper.
WARNING 2026-09-08 15:56:27 db_utils.py:141 WandB logging of key "losses_after_rm_padding" was ignored as its type "<class 'torch.Tensor'>" is not handled by this wrapper.
INFO 2026-09-08 15:57:54 ot_train.py:351 step:17K smpl:554K ep:849 epch:11.79 loss:0.010 grdn:0.138 lr:7.0e-06 updt_s:0.840 data_s:0.023
WARNING 2026-09-08 15:57:54 db_utils.py:141 WandB logging of key "losses_after_forward" was ignored as its type "<class 'torch.Tensor'>" is not handled by this wrapper.
WARNING 2026-09-08 15:57:54 db_utils.py:141 WandB logging of key "losses_after_rm_padding" was ignored as its type "<class 'torch.Tensor'>" is not handled by this wrapper.
INFO 2026-09-08 15:59:20 ot_train.py:351 step:17K smpl:557K ep:854 epch:11.86 loss:0.010 grdn:0.138 lr:6.7e-06 updt_s:0.839 data_s:0.023
WARNING 2026-09-08 15:59:20 db_utils.py:141 WandB logging of key "losses_after_forward" was ignored as its type "<class 'torch.Tensor'>" is not handled by this wrapper.
WARNING 2026-09-08 15:59:20 db_utils.py:141 WandB logging of key "losses_after_rm_padding" was ignored as its type "<class 'torch.Tensor'>" is not handled by this wrapper.
INFO 2026-09-08 16:00:47 ot_train.py:351 step:18K smpl:560K ep:859 epch:11.92 loss:0.010 grdn:0.132 lr:6.4e-06 updt_s:0.839 data_s:0.023
WARNING 2026-09-08 16:00:47 db_utils.py:141 WandB logging of key "losses_after_forward" was ignored as its type "<class 'torch.Tensor'>" is not handled by this wrapper.
WARNING 2026-09-08 16:00:47 db_utils.py:141 WandB logging of key "losses_after_rm_padding" was ignored as its type "<class 'torch.Tensor'>" is not handled by this wrapper.
INFO 2026-09-08 16:02:14 ot_train.py:351 step:18K smpl:563K ep:863 epch:11.99 loss:0.010 grdn:0.134 lr:6.1e-06 updt_s:0.840 data_s:0.023
WARNING 2026-09-08 16:02:14 db_utils.py:141 WandB logging of key "losses_after_forward" was ignored as its type "<class 'torch.Tensor'>" is not handled by this wrapper.
WARNING 2026-09-08 16:02:14 db_utils.py:141 WandB logging of key "losses_after_rm_padding" was ignored as its type "<class 'torch.Tensor'>" is not handled by this wrapper.
C:\Users\IamAr\miniconda3\envs\vla\lib\site-packages\torchvision\io\_video_deprecation_warning.py:5: UserWarning: The video decoding and encoding capabilities of torchvision are deprecated from version 0.22 and will be removed in version 0.24. We recommend that you migrate to TorchCodec, where we'll consolidate the future decoding/encoding capabilities of PyTorch: https://github.com/pytorch/torchcodec
  warnings.warn(
C:\Users\IamAr\miniconda3\envs\vla\lib\site-packages\torchvision\io\_video_deprecation_warning.py:5: UserWarning: The video decoding and encoding capabilities of torchvision are deprecated from version 0.22 and will be removed in version 0.24. We recommend that you migrate to TorchCodec, where we'll consolidate the future decoding/encoding capabilities of PyTorch: https://github.com/pytorch/torchcodec
  warnings.warn(
C:\Users\IamAr\miniconda3\envs\vla\lib\site-packages\torchvision\io\_video_deprecation_warning.py:5: UserWarning: The video decoding and encoding capabilities of torchvision are deprecated from version 0.22 and will be removed in version 0.24. We recommend that you migrate to TorchCodec, where we'll consolidate the future decoding/encoding capabilities of PyTorch: https://github.com/pytorch/torchcodec
  warnings.warn(
C:\Users\IamAr\miniconda3\envs\vla\lib\site-packages\torchvision\io\_video_deprecation_warning.py:5: UserWarning: The video decoding and encoding capabilities of torchvision are deprecated from version 0.22 and will be removed in version 0.24. We recommend that you migrate to TorchCodec, where we'll consolidate the future decoding/encoding capabilities of PyTorch: https://github.com/pytorch/torchcodec
  warnings.warn(
INFO 2026-09-08 16:03:53 ot_train.py:351 step:18K smpl:566K ep:868 epch:12.06 loss:0.010 grdn:0.136 lr:5.8e-06 updt_s:0.839 data_s:0.157
WARNING 2026-09-08 16:03:53 db_utils.py:141 WandB logging of key "losses_after_forward" was ignored as its type "<class 'torch.Tensor'>" is not handled by this wrapper.
WARNING 2026-09-08 16:03:53 db_utils.py:141 WandB logging of key "losses_after_rm_padding" was ignored as its type "<class 'torch.Tensor'>" is not handled by this wrapper.
INFO 2026-09-08 16:05:20 ot_train.py:351 step:18K smpl:570K ep:873 epch:12.13 loss:0.010 grdn:0.130 lr:5.5e-06 updt_s:0.839 data_s:0.023
WARNING 2026-09-08 16:05:20 db_utils.py:141 WandB logging of key "losses_after_forward" was ignored as its type "<class 'torch.Tensor'>" is not handled by this wrapper.
WARNING 2026-09-08 16:05:20 db_utils.py:141 WandB logging of key "losses_after_rm_padding" was ignored as its type "<class 'torch.Tensor'>" is not handled by this wrapper.
INFO 2026-09-08 16:06:46 ot_train.py:351 step:18K smpl:573K ep:878 epch:12.20 loss:0.010 grdn:0.142 lr:5.3e-06 updt_s:0.836 data_s:0.023
WARNING 2026-09-08 16:06:46 db_utils.py:141 WandB logging of key "losses_after_forward" was ignored as its type "<class 'torch.Tensor'>" is not handled by this wrapper.
WARNING 2026-09-08 16:06:46 db_utils.py:141 WandB logging of key "losses_after_rm_padding" was ignored as its type "<class 'torch.Tensor'>" is not handled by this wrapper.
INFO 2026-09-08 16:08:12 ot_train.py:351 step:18K smpl:576K ep:883 epch:12.26 loss:0.010 grdn:0.135 lr:5.0e-06 updt_s:0.837 data_s:0.023
WARNING 2026-09-08 16:08:12 db_utils.py:141 WandB logging of key "losses_after_forward" was ignored as its type "<class 'torch.Tensor'>" is not handled by this wrapper.
WARNING 2026-09-08 16:08:12 db_utils.py:141 WandB logging of key "losses_after_rm_padding" was ignored as its type "<class 'torch.Tensor'>" is not handled by this wrapper.
INFO 2026-09-08 16:09:39 ot_train.py:351 step:18K smpl:579K ep:888 epch:12.33 loss:0.010 grdn:0.133 lr:4.8e-06 updt_s:0.839 data_s:0.023
WARNING 2026-09-08 16:09:39 db_utils.py:141 WandB logging of key "losses_after_forward" was ignored as its type "<class 'torch.Tensor'>" is not handled by this wrapper.
WARNING 2026-09-08 16:09:39 db_utils.py:141 WandB logging of key "losses_after_rm_padding" was ignored as its type "<class 'torch.Tensor'>" is not handled by this wrapper.
INFO 2026-09-08 16:11:05 ot_train.py:351 step:18K smpl:582K ep:893 epch:12.40 loss:0.010 grdn:0.143 lr:4.5e-06 updt_s:0.836 data_s:0.023
WARNING 2026-09-08 16:11:05 db_utils.py:141 WandB logging of key "losses_after_forward" was ignored as its type "<class 'torch.Tensor'>" is not handled by this wrapper.
WARNING 2026-09-08 16:11:05 db_utils.py:141 WandB logging of key "losses_after_rm_padding" was ignored as its type "<class 'torch.Tensor'>" is not handled by this wrapper.
INFO 2026-09-08 16:12:31 ot_train.py:351 step:18K smpl:586K ep:898 epch:12.47 loss:0.010 grdn:0.133 lr:4.3e-06 updt_s:0.836 data_s:0.023
WARNING 2026-09-08 16:12:31 db_utils.py:141 WandB logging of key "losses_after_forward" was ignored as its type "<class 'torch.Tensor'>" is not handled by this wrapper.
WARNING 2026-09-08 16:12:31 db_utils.py:141 WandB logging of key "losses_after_rm_padding" was ignored as its type "<class 'torch.Tensor'>" is not handled by this wrapper.
INFO 2026-09-08 16:13:57 ot_train.py:351 step:18K smpl:589K ep:903 epch:12.54 loss:0.010 grdn:0.131 lr:4.1e-06 updt_s:0.833 data_s:0.023
WARNING 2026-09-08 16:13:57 db_utils.py:141 WandB logging of key "losses_after_forward" was ignored as its type "<class 'torch.Tensor'>" is not handled by this wrapper.
WARNING 2026-09-08 16:13:57 db_utils.py:141 WandB logging of key "losses_after_rm_padding" was ignored as its type "<class 'torch.Tensor'>" is not handled by this wrapper.
INFO 2026-09-08 16:15:23 ot_train.py:351 step:18K smpl:592K ep:908 epch:12.61 loss:0.010 grdn:0.139 lr:3.9e-06 updt_s:0.838 data_s:0.023
WARNING 2026-09-08 16:15:23 db_utils.py:141 WandB logging of key "losses_after_forward" was ignored as its type "<class 'torch.Tensor'>" is not handled by this wrapper.
WARNING 2026-09-08 16:15:23 db_utils.py:141 WandB logging of key "losses_after_rm_padding" was ignored as its type "<class 'torch.Tensor'>" is not handled by this wrapper.
INFO 2026-09-08 16:16:49 ot_train.py:351 step:19K smpl:595K ep:913 epch:12.67 loss:0.010 grdn:0.140 lr:3.8e-06 updt_s:0.834 data_s:0.023
WARNING 2026-09-08 16:16:49 db_utils.py:141 WandB logging of key "losses_after_forward" was ignored as its type "<class 'torch.Tensor'>" is not handled by this wrapper.
WARNING 2026-09-08 16:16:49 db_utils.py:141 WandB logging of key "losses_after_rm_padding" was ignored as its type "<class 'torch.Tensor'>" is not handled by this wrapper.
INFO 2026-09-08 16:18:16 ot_train.py:351 step:19K smpl:598K ep:917 epch:12.74 loss:0.010 grdn:0.130 lr:3.6e-06 updt_s:0.841 data_s:0.023
WARNING 2026-09-08 16:18:16 db_utils.py:141 WandB logging of key "losses_after_forward" was ignored as its type "<class 'torch.Tensor'>" is not handled by this wrapper.
WARNING 2026-09-08 16:18:16 db_utils.py:141 WandB logging of key "losses_after_rm_padding" was ignored as its type "<class 'torch.Tensor'>" is not handled by this wrapper.
INFO 2026-09-08 16:19:43 ot_train.py:351 step:19K smpl:602K ep:922 epch:12.81 loss:0.010 grdn:0.131 lr:3.4e-06 updt_s:0.841 data_s:0.023
WARNING 2026-09-08 16:19:43 db_utils.py:141 WandB logging of key "losses_after_forward" was ignored as its type "<class 'torch.Tensor'>" is not handled by this wrapper.
WARNING 2026-09-08 16:19:43 db_utils.py:141 WandB logging of key "losses_after_rm_padding" was ignored as its type "<class 'torch.Tensor'>" is not handled by this wrapper.
INFO 2026-09-08 16:21:11 ot_train.py:351 step:19K smpl:605K ep:927 epch:12.88 loss:0.010 grdn:0.131 lr:3.3e-06 updt_s:0.854 data_s:0.023
WARNING 2026-09-08 16:21:11 db_utils.py:141 WandB logging of key "losses_after_forward" was ignored as its type "<class 'torch.Tensor'>" is not handled by this wrapper.
WARNING 2026-09-08 16:21:11 db_utils.py:141 WandB logging of key "losses_after_rm_padding" was ignored as its type "<class 'torch.Tensor'>" is not handled by this wrapper.
INFO 2026-09-08 16:22:37 ot_train.py:351 step:19K smpl:608K ep:932 epch:12.95 loss:0.010 grdn:0.134 lr:3.2e-06 updt_s:0.839 data_s:0.023
WARNING 2026-09-08 16:22:37 db_utils.py:141 WandB logging of key "losses_after_forward" was ignored as its type "<class 'torch.Tensor'>" is not handled by this wrapper.
WARNING 2026-09-08 16:22:37 db_utils.py:141 WandB logging of key "losses_after_rm_padding" was ignored as its type "<class 'torch.Tensor'>" is not handled by this wrapper.
C:\Users\IamAr\miniconda3\envs\vla\lib\site-packages\torchvision\io\_video_deprecation_warning.py:5: UserWarning: The video decoding and encoding capabilities of torchvision are deprecated from version 0.22 and will be removed in version 0.24. We recommend that you migrate to TorchCodec, where we'll consolidate the future decoding/encoding capabilities of PyTorch: https://github.com/pytorch/torchcodec
  warnings.warn(
C:\Users\IamAr\miniconda3\envs\vla\lib\site-packages\torchvision\io\_video_deprecation_warning.py:5: UserWarning: The video decoding and encoding capabilities of torchvision are deprecated from version 0.22 and will be removed in version 0.24. We recommend that you migrate to TorchCodec, where we'll consolidate the future decoding/encoding capabilities of PyTorch: https://github.com/pytorch/torchcodec
  warnings.warn(
C:\Users\IamAr\miniconda3\envs\vla\lib\site-packages\torchvision\io\_video_deprecation_warning.py:5: UserWarning: The video decoding and encoding capabilities of torchvision are deprecated from version 0.22 and will be removed in version 0.24. We recommend that you migrate to TorchCodec, where we'll consolidate the future decoding/encoding capabilities of PyTorch: https://github.com/pytorch/torchcodec
  warnings.warn(
C:\Users\IamAr\miniconda3\envs\vla\lib\site-packages\torchvision\io\_video_deprecation_warning.py:5: UserWarning: The video decoding and encoding capabilities of torchvision are deprecated from version 0.22 and will be removed in version 0.24. We recommend that you migrate to TorchCodec, where we'll consolidate the future decoding/encoding capabilities of PyTorch: https://github.com/pytorch/torchcodec
  warnings.warn(
INFO 2026-09-08 16:24:16 ot_train.py:351 step:19K smpl:611K ep:937 epch:13.01 loss:0.010 grdn:0.136 lr:3.0e-06 updt_s:0.835 data_s:0.150
WARNING 2026-09-08 16:24:16 db_utils.py:141 WandB logging of key "losses_after_forward" was ignored as its type "<class 'torch.Tensor'>" is not handled by this wrapper.
WARNING 2026-09-08 16:24:16 db_utils.py:141 WandB logging of key "losses_after_rm_padding" was ignored as its type "<class 'torch.Tensor'>" is not handled by this wrapper.
INFO 2026-09-08 16:25:43 ot_train.py:351 step:19K smpl:614K ep:942 epch:13.08 loss:0.010 grdn:0.128 lr:2.9e-06 updt_s:0.846 data_s:0.023
WARNING 2026-09-08 16:25:43 db_utils.py:141 WandB logging of key "losses_after_forward" was ignored as its type "<class 'torch.Tensor'>" is not handled by this wrapper.
WARNING 2026-09-08 16:25:43 db_utils.py:141 WandB logging of key "losses_after_rm_padding" was ignored as its type "<class 'torch.Tensor'>" is not handled by this wrapper.
INFO 2026-09-08 16:27:09 ot_train.py:351 step:19K smpl:618K ep:947 epch:13.15 loss:0.010 grdn:0.127 lr:2.8e-06 updt_s:0.834 data_s:0.023
WARNING 2026-09-08 16:27:09 db_utils.py:141 WandB logging of key "losses_after_forward" was ignored as its type "<class 'torch.Tensor'>" is not handled by this wrapper.
WARNING 2026-09-08 16:27:09 db_utils.py:141 WandB logging of key "losses_after_rm_padding" was ignored as its type "<class 'torch.Tensor'>" is not handled by this wrapper.
INFO 2026-09-08 16:28:36 ot_train.py:351 step:19K smpl:621K ep:952 epch:13.22 loss:0.010 grdn:0.135 lr:2.8e-06 updt_s:0.839 data_s:0.023
WARNING 2026-09-08 16:28:36 db_utils.py:141 WandB logging of key "losses_after_forward" was ignored as its type "<class 'torch.Tensor'>" is not handled by this wrapper.
WARNING 2026-09-08 16:28:36 db_utils.py:141 WandB logging of key "losses_after_rm_padding" was ignored as its type "<class 'torch.Tensor'>" is not handled by this wrapper.
INFO 2026-09-08 16:30:02 ot_train.py:351 step:20K smpl:624K ep:957 epch:13.29 loss:0.010 grdn:0.132 lr:2.7e-06 updt_s:0.837 data_s:0.023
WARNING 2026-09-08 16:30:02 db_utils.py:141 WandB logging of key "losses_after_forward" was ignored as its type "<class 'torch.Tensor'>" is not handled by this wrapper.
WARNING 2026-09-08 16:30:02 db_utils.py:141 WandB logging of key "losses_after_rm_padding" was ignored as its type "<class 'torch.Tensor'>" is not handled by this wrapper.
INFO 2026-09-08 16:31:28 ot_train.py:351 step:20K smpl:627K ep:962 epch:13.36 loss:0.009 grdn:0.127 lr:2.6e-06 updt_s:0.836 data_s:0.023
WARNING 2026-09-08 16:31:28 db_utils.py:141 WandB logging of key "losses_after_forward" was ignored as its type "<class 'torch.Tensor'>" is not handled by this wrapper.
WARNING 2026-09-08 16:31:28 db_utils.py:141 WandB logging of key "losses_after_rm_padding" was ignored as its type "<class 'torch.Tensor'>" is not handled by this wrapper.
INFO 2026-09-08 16:32:54 ot_train.py:351 step:20K smpl:630K ep:966 epch:13.42 loss:0.010 grdn:0.128 lr:2.6e-06 updt_s:0.833 data_s:0.023
WARNING 2026-09-08 16:32:54 db_utils.py:141 WandB logging of key "losses_after_forward" was ignored as its type "<class 'torch.Tensor'>" is not handled by this wrapper.
WARNING 2026-09-08 16:32:54 db_utils.py:141 WandB logging of key "losses_after_rm_padding" was ignored as its type "<class 'torch.Tensor'>" is not handled by this wrapper.
INFO 2026-09-08 16:34:20 ot_train.py:351 step:20K smpl:634K ep:971 epch:13.49 loss:0.010 grdn:0.131 lr:2.5e-06 updt_s:0.834 data_s:0.023
WARNING 2026-09-08 16:34:20 db_utils.py:141 WandB logging of key "losses_after_forward" was ignored as its type "<class 'torch.Tensor'>" is not handled by this wrapper.
WARNING 2026-09-08 16:34:20 db_utils.py:141 WandB logging of key "losses_after_rm_padding" was ignored as its type "<class 'torch.Tensor'>" is not handled by this wrapper.
INFO 2026-09-08 16:35:46 ot_train.py:351 step:20K smpl:637K ep:976 epch:13.56 loss:0.010 grdn:0.127 lr:2.5e-06 updt_s:0.834 data_s:0.023
WARNING 2026-09-08 16:35:46 db_utils.py:141 WandB logging of key "losses_after_forward" was ignored as its type "<class 'torch.Tensor'>" is not handled by this wrapper.
WARNING 2026-09-08 16:35:46 db_utils.py:141 WandB logging of key "losses_after_rm_padding" was ignored as its type "<class 'torch.Tensor'>" is not handled by this wrapper.
INFO 2026-09-08 16:37:12 ot_train.py:351 step:20K smpl:640K ep:981 epch:13.63 loss:0.010 grdn:0.130 lr:2.5e-06 updt_s:0.837 data_s:0.023
WARNING 2026-09-08 16:37:12 db_utils.py:141 WandB logging of key "losses_after_forward" was ignored as its type "<class 'torch.Tensor'>" is not handled by this wrapper.
WARNING 2026-09-08 16:37:12 db_utils.py:141 WandB logging of key "losses_after_rm_padding" was ignored as its type "<class 'torch.Tensor'>" is not handled by this wrapper.
INFO 2026-09-08 16:37:12 ot_train.py:361 Checkpoint policy after step 20000
INFO 2026-09-08 16:37:17 ot_train.py:430 End of training
